Selection,View,Channel,Begin Time (s),End Time (s),Low Freq (Hz),High Freq (Hz),Begin File,File Offset (s),Begin Path,Freq 5% (Hz),Freq 95% (Hz),Peak Freq (Hz),Dur 90% (s),Center Time (s),Time 5% (s),Time 95% (s),Type,Syllables p Song,Site
1,Spectrogram 1,1,420.4978082,422.3387594,1831.4,6348.7,S1123KIP1_048K_S04_S7112_20240108_070004.flac,420.4978,C:\Users\HNG9\Box\NTRES6150\Problem Sets\PS4\Kipuka\S04_K1Y\S1123KIP1_S04_S7112\S1123KIP1_048K_S04_S7112_20240108_070004.flac,3890.625,4171.875,4031.25,0.1314,421.2993,421.2548,421.3862,Song,6,S04
2,Spectrogram 1,1,431.3462703,433.1120806,1953.4,6470.8,S1123KIP1_048K_S04_S7112_20240108_070004.flac,431.3463,C:\Users\HNG9\Box\NTRES6150\Problem Sets\PS4\Kipuka\S04_K1Y\S1123KIP1_S04_S7112\S1123KIP1_048K_S04_S7112_20240108_070004.flac,3890.625,4171.875,4031.25,0.1233,432.1471,432.1027,432.2259,Song,6,S04
15,Spectrogram 1,1,3541.042579,3542.921101,2258.7,6165.6,S1123KIP1_048K_S04_S7112_20240113_070004.flac,540.7226,C:\Users\HNG9\Box\NTRES6150\Problem Sets\PS4\Kipuka\S04_K1Y\S1123KIP1_S04_S7112\S1123KIP1_048K_S04_S7112_20240113_070004.flac,2390.625,5906.25,3703.125,1.6753,3541.9792,3541.1547,3542.83,Song,6,S04
16,Spectrogram 1,1,3555.70444,3557.460858,2502.9,5982.4,S1123KIP1_048K_S04_S7112_20240113_070004.flac,555.3844,C:\Users\HNG9\Box\NTRES6150\Problem Sets\PS4\Kipuka\S04_K1Y\S1123KIP1_S04_S7112\S1123KIP1_048K_S04_S7112_20240113_070004.flac,2671.875,5765.625,3703.125,1.552,3556.6121,3555.8098,3557.3618,Song,6,S04
17,Spectrogram 1,1,3581.881639,3583.50656,2319.7,6592.9,S1123KIP1_048K_S04_S7112_20240113_070004.flac,581.5616,C:\Users\HNG9\Box\NTRES6150\Problem Sets\PS4\Kipuka\S04_K1Y\S1123KIP1_S04_S7112\S1123KIP1_048K_S04_S7112_20240113_070004.flac,2437.5,6281.25,3703.125,1.4307,3582.7253,3581.9776,3583.4083,Song,6,S04
18,Spectrogram 1,1,3589.461473,3590.860972,2319.7,6653.9,S1123KIP1_048K_S04_S7112_20240113_070004.flac,589.1415,C:\Users\HNG9\Box\NTRES6150\Problem Sets\PS4\Kipuka\S04_K1Y\S1123KIP1_S04_S7112\S1123KIP1_048K_S04_S7112_20240113_070004.flac,2437.5,6328.125,3703.125,1.2428,3590.1963,3589.5456,3590.7884,Song,5,S04
42,Spectrogram 1,1,708.3907158,709.7244661,2075.5,6043.5,S1123KIP1_048K_S04_S7112_20240109_070004.flac,108.3267,C:\Users\HNG9\Box\NTRES6150\Problem Sets\PS4\Kipuka\S04_K1Y\S1123KIP1_S04_S7112\S1123KIP1_048K_S04_S7112_20240109_070004.flac,2250,5812.5,4265.625,1.1438,709.0639,708.4698,709.6136,Song,5,S04
49,Spectrogram 1,1,1092.764554,1094.558542,2441.8,6470.8,S1123KIP1_048K_S04_S7112_20240109_070004.flac,492.7006,C:\Users\HNG9\Box\NTRES6150\Problem Sets\PS4\Kipuka\S04_K1Y\S1123KIP1_S04_S7112\S1123KIP1_048K_S04_S7112_20240109_070004.flac,2625,6140.625,4265.625,1.55,1093.5073,1092.8626,1094.4126,Song,7,S04
57,Spectrogram 1,1,1101.189723,1103.04946,1953.4,6653.9,S1123KIP1_048K_S04_S7112_20240109_070004.flac,501.1257,C:\Users\HNG9\Box\NTRES6150\Problem Sets\PS4\Kipuka\S04_K1Y\S1123KIP1_S04_S7112\S1123KIP1_048K_S04_S7112_20240109_070004.flac,2109.375,6187.5,4265.625,1.6207,1101.9422,1101.2935,1102.9142,Song,7,S04
65,Spectrogram 1,1,3071.336878,3073.234185,2380.8,6104.5,S1123KIP1_048K_S04_S7112_20240113_070004.flac,71.0169,C:\Users\HNG9\Box\NTRES6150\Problem Sets\PS4\Kipuka\S04_K1Y\S1123KIP1_S04_S7112\S1123KIP1_048K_S04_S7112_20240113_070004.flac,2484.375,5859.375,4125,1.7682,3072.3315,3071.4524,3073.2207,Song,6,S04
66,Spectrogram 1,1,3063.503443,3065.579209,2197.6,6226.6,S1123KIP1_048K_S04_S7112_20240113_070004.flac,63.1834,C:\Users\HNG9\Box\NTRES6150\Problem Sets\PS4\Kipuka\S04_K1Y\S1123KIP1_S04_S7112\S1123KIP1_048K_S04_S7112_20240113_070004.flac,2343.75,5859.375,4125,1.8895,3064.6948,3063.6439,3065.5334,Song,7,S04
67,Spectrogram 1,1,3096.847201,3098.904182,2258.7,6531.8,S1123KIP1_048K_S04_S7112_20240113_070004.flac,96.5272,C:\Users\HNG9\Box\NTRES6150\Problem Sets\PS4\Kipuka\S04_K1Y\S1123KIP1_S04_S7112\S1123KIP1_048K_S04_S7112_20240113_070004.flac,2437.5,6187.5,4125,1.8672,3098.0183,3096.9857,3098.8529,Song,7,S04
88,Spectrogram 1,1,361.0801499,362.8553528,2441.8,6226.6,S1123KIP1_048K_S04_S7112_20240108_070004.flac,361.0801,C:\Users\HNG9\Box\NTRES6150\Problem Sets\PS4\Kipuka\S04_K1Y\S1123KIP1_S04_S7112\S1123KIP1_048K_S04_S7112_20240108_070004.flac,3890.625,4171.875,4031.25,0.1111,361.8807,361.8383,361.9494,Song,6,S04
89,Spectrogram 1,1,367.3168415,369.3362522,2014.5,6104.5,S1123KIP1_048K_S04_S7112_20240108_070004.flac,367.3168,C:\Users\HNG9\Box\NTRES6150\Problem Sets\PS4\Kipuka\S04_K1Y\S1123KIP1_S04_S7112\S1123KIP1_048K_S04_S7112_20240108_070004.flac,3890.625,4171.875,4031.25,0.291,368.119,368.0766,368.3676,Song,7,S04
90,Spectrogram 1,1,377.6956733,379.7338692,2747,6348.7,S1123KIP1_048K_S04_S7112_20240108_070004.flac,377.6957,C:\Users\HNG9\Box\NTRES6150\Problem Sets\PS4\Kipuka\S04_K1Y\S1123KIP1_S04_S7112\S1123KIP1_048K_S04_S7112_20240108_070004.flac,3890.625,4171.875,4031.25,0.1839,378.496,378.4556,378.6395,Song,7,S04
91,Spectrogram 1,1,383.8760092,385.6512121,2563.9,6226.6,S1123KIP1_048K_S04_S7112_20240108_070004.flac,383.876,C:\Users\HNG9\Box\NTRES6150\Problem Sets\PS4\Kipuka\S04_K1Y\S1123KIP1_S04_S7112\S1123KIP1_048K_S04_S7112_20240108_070004.flac,3890.625,4171.875,4031.25,0.1091,384.6777,384.6353,384.7444,Song,6,S04
118,Spectrogram 1,1,1734.148384,1736.252329,2258.7,6592.9,S1123KIP1_048K_S04_S7112_20240110_070004.flac,534.0204,C:\Users\HNG9\Box\NTRES6150\Problem Sets\PS4\Kipuka\S04_K1Y\S1123KIP1_S04_S7112\S1123KIP1_048K_S04_S7112_20240110_070004.flac,2437.5,6281.25,3375,1.9077,1735.2047,1734.2408,1736.1484,Song,7,S04
119,Spectrogram 1,1,1730.851579,1732.626782,2502.9,6348.7,S1123KIP1_048K_S04_S7112_20240110_070004.flac,530.7236,C:\Users\HNG9\Box\NTRES6150\Problem Sets\PS4\Kipuka\S04_K1Y\S1123KIP1_S04_S7112\S1123KIP1_048K_S04_S7112_20240110_070004.flac,2625,6093.75,2671.875,1.6005,1731.7289,1730.9286,1732.5291,Song,7,S04
134,Spectrogram 1,1,1463.725728,1465.89542,2624.9,6348.7,S1123KIP1_048K_S04_S7112_20240110_070004.flac,263.5977,C:\Users\HNG9\Box\NTRES6150\Problem Sets\PS4\Kipuka\S04_K1Y\S1123KIP1_S04_S7112\S1123KIP1_048K_S04_S7112_20240110_070004.flac,2718.75,6093.75,3375,1.9703,1464.801,1463.8189,1465.7892,Song,7,S04
135,Spectrogram 1,1,1471.361918,1473.418899,2502.9,6837.1,S1123KIP1_048K_S04_S7112_20240110_070004.flac,271.2339,C:\Users\HNG9\Box\NTRES6150\Problem Sets\PS4\Kipuka\S04_K1Y\S1123KIP1_S04_S7112\S1123KIP1_048K_S04_S7112_20240110_070004.flac,2671.875,6515.625,3375,1.8673,1472.3812,1471.4516,1473.3188,Song,7,S04
3,Spectrogram 1,1,420.7232308,420.9674386,2014.5,6104.5,S1123KIP1_048K_S04_S7112_20240108_070004.flac,420.7232,C:\Users\HNG9\Box\NTRES6150\Problem Sets\PS4\Kipuka\S04_K1Y\S1123KIP1_S04_S7112\S1123KIP1_048K_S04_S7112_20240108_070004.flac,2203.125,5578.125,3984.375,0.2223,420.9173,420.7415,420.9638,Syllable,,S04
4,Spectrogram 1,1,420.9674386,421.2116464,2014.5,6226.6,S1123KIP1_048K_S04_S7112_20240108_070004.flac,420.9674,C:\Users\HNG9\Box\NTRES6150\Problem Sets\PS4\Kipuka\S04_K1Y\S1123KIP1_S04_S7112\S1123KIP1_048K_S04_S7112_20240108_070004.flac,2250,5671.875,3984.375,0.2223,421.1598,420.9861,421.2083,Syllable,,S04
5,Spectrogram 1,1,421.221039,421.4464616,2014.5,6348.7,S1123KIP1_048K_S04_S7112_20240108_070004.flac,421.221,C:\Users\HNG9\Box\NTRES6150\Problem Sets\PS4\Kipuka\S04_K1Y\S1123KIP1_S04_S7112\S1123KIP1_048K_S04_S7112_20240108_070004.flac,2156.25,5906.25,3984.375,0.2102,421.3316,421.2326,421.4428,Syllable,,S04
6,Spectrogram 1,1,421.4558542,421.6906694,1953.4,6470.8,S1123KIP1_048K_S04_S7112_20240108_070004.flac,421.4559,C:\Users\HNG9\Box\NTRES6150\Problem Sets\PS4\Kipuka\S04_K1Y\S1123KIP1_S04_S7112\S1123KIP1_048K_S04_S7112_20240108_070004.flac,2156.25,5906.25,3984.375,0.2162,421.6004,421.4711,421.6873,Syllable,,S04
7,Spectrogram 1,1,421.6906694,421.9442698,1770.3,6348.7,S1123KIP1_048K_S04_S7112_20240108_070004.flac,421.6907,C:\Users\HNG9\Box\NTRES6150\Problem Sets\PS4\Kipuka\S04_K1Y\S1123KIP1_S04_S7112\S1123KIP1_048K_S04_S7112_20240108_070004.flac,2109.375,5671.875,3984.375,0.2284,421.9076,421.7136,421.9419,Syllable,,S04
8,Spectrogram 1,1,421.9254846,422.2448333,2014.5,6409.7,S1123KIP1_048K_S04_S7112_20240108_070004.flac,421.9255,C:\Users\HNG9\Box\NTRES6150\Problem Sets\PS4\Kipuka\S04_K1Y\S1123KIP1_S04_S7112\S1123KIP1_048K_S04_S7112_20240108_070004.flac,2296.875,5671.875,3984.375,0.2647,422.1581,421.9581,422.2228,Syllable,,S04
9,Spectrogram 1,1,431.6092633,431.8346859,2197.6,5860.3,S1123KIP1_048K_S04_S7112_20240108_070004.flac,431.6093,C:\Users\HNG9\Box\NTRES6150\Problem Sets\PS4\Kipuka\S04_K1Y\S1123KIP1_S04_S7112\S1123KIP1_048K_S04_S7112_20240108_070004.flac,2390.625,5578.125,3984.375,0.2102,431.7268,431.6217,431.8319,Syllable,,S04
10,Spectrogram 1,1,431.8252933,432.097679,2258.7,6043.5,S1123KIP1_048K_S04_S7112_20240108_070004.flac,431.8253,C:\Users\HNG9\Box\NTRES6150\Problem Sets\PS4\Kipuka\S04_K1Y\S1123KIP1_S04_S7112\S1123KIP1_048K_S04_S7112_20240108_070004.flac,2671.875,5390.625,3984.375,0.2344,432.0542,431.8541,432.0885,Syllable,,S04
11,Spectrogram 1,1,432.097679,432.3324942,2197.6,6287.7,S1123KIP1_048K_S04_S7112_20240108_070004.flac,432.0977,C:\Users\HNG9\Box\NTRES6150\Problem Sets\PS4\Kipuka\S04_K1Y\S1123KIP1_S04_S7112\S1123KIP1_048K_S04_S7112_20240108_070004.flac,2390.625,5812.5,3984.375,0.2162,432.2482,432.1128,432.329,Syllable,,S04
12,Spectrogram 1,1,432.3512794,432.576702,2075.5,6409.7,S1123KIP1_048K_S04_S7112_20240108_070004.flac,432.3513,C:\Users\HNG9\Box\NTRES6150\Problem Sets\PS4\Kipuka\S04_K1Y\S1123KIP1_S04_S7112\S1123KIP1_048K_S04_S7112_20240108_070004.flac,2296.875,5906.25,3984.375,0.2102,432.4624,432.3633,432.5735,Syllable,,S04
13,Spectrogram 1,1,432.5579167,432.839695,2014.5,6348.7,S1123KIP1_048K_S04_S7112_20240108_070004.flac,432.5579,C:\Users\HNG9\Box\NTRES6150\Problem Sets\PS4\Kipuka\S04_K1Y\S1123KIP1_S04_S7112\S1123KIP1_048K_S04_S7112_20240108_070004.flac,2296.875,5625,3984.375,0.2405,432.7877,432.5877,432.8281,Syllable,,S04
14,Spectrogram 1,1,432.8209098,433.0745102,2136.6,6287.7,S1123KIP1_048K_S04_S7112_20240108_070004.flac,432.8209,C:\Users\HNG9\Box\NTRES6150\Problem Sets\PS4\Kipuka\S04_K1Y\S1123KIP1_S04_S7112\S1123KIP1_048K_S04_S7112_20240108_070004.flac,2437.5,5718.75,3984.375,0.2263,433.0383,432.8443,433.0706,Syllable,,S04
19,Spectrogram 1,1,3541.343143,3541.577958,2258.7,6043.5,S1123KIP1_048K_S04_S7112_20240113_070004.flac,541.0231,C:\Users\HNG9\Box\NTRES6150\Problem Sets\PS4\Kipuka\S04_K1Y\S1123KIP1_S04_S7112\S1123KIP1_048K_S04_S7112_20240113_070004.flac,2390.625,5765.625,3515.625,0.2102,3541.474,3541.3588,3541.569,Syllable,,S04
20,Spectrogram 1,1,3541.587351,3541.831559,2380.8,6104.5,S1123KIP1_048K_S04_S7112_20240113_070004.flac,541.2674,C:\Users\HNG9\Box\NTRES6150\Problem Sets\PS4\Kipuka\S04_K1Y\S1123KIP1_S04_S7112\S1123KIP1_048K_S04_S7112_20240113_070004.flac,2484.375,5859.375,3515.625,0.2142,3541.7226,3541.6034,3541.8176,Syllable,,S04
21,Spectrogram 1,1,3541.840951,3542.094552,2319.7,6226.6,S1123KIP1_048K_S04_S7112_20240113_070004.flac,541.521,C:\Users\HNG9\Box\NTRES6150\Problem Sets\PS4\Kipuka\S04_K1Y\S1123KIP1_S04_S7112\S1123KIP1_048K_S04_S7112_20240113_070004.flac,2437.5,5953.125,3515.625,0.2243,3541.9792,3541.856,3542.0803,Syllable,,S04
22,Spectrogram 1,1,3542.094552,3542.310582,2319.7,5799.3,S1123KIP1_048K_S04_S7112_20240113_070004.flac,541.7745,C:\Users\HNG9\Box\NTRES6150\Problem Sets\PS4\Kipuka\S04_K1Y\S1123KIP1_S04_S7112\S1123KIP1_048K_S04_S7112_20240113_070004.flac,2437.5,5531.25,3515.625,0.192,3542.2116,3542.1086,3542.3006,Syllable,,S04
23,Spectrogram 1,1,3542.338759,3542.564182,2258.7,6226.6,S1123KIP1_048K_S04_S7112_20240113_070004.flac,542.0187,C:\Users\HNG9\Box\NTRES6150\Problem Sets\PS4\Kipuka\S04_K1Y\S1123KIP1_S04_S7112\S1123KIP1_048K_S04_S7112_20240113_070004.flac,2390.625,5906.25,3515.625,0.2021,3542.4602,3542.3511,3542.5532,Syllable,,S04
24,Spectrogram 1,1,3542.601752,3542.84596,2502.9,5677.2,S1123KIP1_048K_S04_S7112_20240113_070004.flac,542.2817,C:\Users\HNG9\Box\NTRES6150\Problem Sets\PS4\Kipuka\S04_K1Y\S1123KIP1_S04_S7112\S1123KIP1_048K_S04_S7112_20240113_070004.flac,2625,5437.5,3515.625,0.2122,3542.735,3542.6198,3542.832,Syllable,,S04
25,Spectrogram 1,1,3557.141509,3557.348147,2563.9,6043.5,S1123KIP1_048K_S04_S7112_20240113_070004.flac,556.8215,C:\Users\HNG9\Box\NTRES6150\Problem Sets\PS4\Kipuka\S04_K1Y\S1123KIP1_S04_S7112\S1123KIP1_048K_S04_S7112_20240113_070004.flac,2671.875,5765.625,3515.625,0.1859,3557.2547,3557.1537,3557.3396,Syllable,,S04
26,Spectrogram 1,1,3556.859731,3557.150902,2563.9,5860.3,S1123KIP1_048K_S04_S7112_20240113_070004.flac,556.5397,C:\Users\HNG9\Box\NTRES6150\Problem Sets\PS4\Kipuka\S04_K1Y\S1123KIP1_S04_S7112\S1123KIP1_048K_S04_S7112_20240113_070004.flac,2671.875,5671.875,3515.625,0.2546,3557.0122,3556.8788,3557.1335,Syllable,,S04
27,Spectrogram 1,1,3556.606131,3556.859731,2502.9,5799.3,S1123KIP1_048K_S04_S7112_20240113_070004.flac,556.2861,C:\Users\HNG9\Box\NTRES6150\Problem Sets\PS4\Kipuka\S04_K1Y\S1123KIP1_S04_S7112\S1123KIP1_048K_S04_S7112_20240113_070004.flac,2625,5531.25,3515.625,0.2203,3556.7434,3556.6242,3556.8445,Syllable,,S04
28,Spectrogram 1,1,3556.361923,3556.615523,2441.8,5860.3,S1123KIP1_048K_S04_S7112_20240113_070004.flac,556.0419,C:\Users\HNG9\Box\NTRES6150\Problem Sets\PS4\Kipuka\S04_K1Y\S1123KIP1_S04_S7112\S1123KIP1_048K_S04_S7112_20240113_070004.flac,2578.125,5671.875,3515.625,0.2203,3556.4989,3556.3797,3556.6,Syllable,,S04
29,Spectrogram 1,1,3556.108323,3556.390101,2441.8,6043.5,S1123KIP1_048K_S04_S7112_20240113_070004.flac,555.7883,C:\Users\HNG9\Box\NTRES6150\Problem Sets\PS4\Kipuka\S04_K1Y\S1123KIP1_S04_S7112\S1123KIP1_048K_S04_S7112_20240113_070004.flac,2578.125,5765.625,3515.625,0.2486,3556.2564,3556.1271,3556.3757,Syllable,,S04
30,Spectrogram 1,1,3555.929863,3556.1365,2624.9,5616.2,S1123KIP1_048K_S04_S7112_20240113_070004.flac,555.6099,C:\Users\HNG9\Box\NTRES6150\Problem Sets\PS4\Kipuka\S04_K1Y\S1123KIP1_S04_S7112\S1123KIP1_048K_S04_S7112_20240113_070004.flac,2718.75,5390.625,3515.625,0.1819,3556.0442,3555.9432,3556.1251,Syllable,,S04
31,Spectrogram 1,1,3583.234174,3583.431419,2686,6470.8,S1123KIP1_048K_S04_S7112_20240113_070004.flac,582.9142,C:\Users\HNG9\Box\NTRES6150\Problem Sets\PS4\Kipuka\S04_K1Y\S1123KIP1_S04_S7112\S1123KIP1_048K_S04_S7112_20240113_070004.flac,2859.375,6234.375,3515.625,0.1778,3583.3437,3583.2447,3583.4225,Syllable,,S04
32,Spectrogram 1,1,3582.989966,3583.234174,2502.9,6348.7,S1123KIP1_048K_S04_S7112_20240113_070004.flac,582.67,C:\Users\HNG9\Box\NTRES6150\Problem Sets\PS4\Kipuka\S04_K1Y\S1123KIP1_S04_S7112\S1123KIP1_048K_S04_S7112_20240113_070004.flac,2625,6093.75,3515.625,0.2162,3583.1234,3583.0042,3583.2204,Syllable,,S04
33,Spectrogram 1,1,3582.773936,3582.971181,2502.9,6531.8,S1123KIP1_048K_S04_S7112_20240113_070004.flac,582.4539,C:\Users\HNG9\Box\NTRES6150\Problem Sets\PS4\Kipuka\S04_K1Y\S1123KIP1_S04_S7112\S1123KIP1_048K_S04_S7112_20240113_070004.flac,2671.875,6281.25,3515.625,0.1738,3582.8829,3582.7879,3582.9617,Syllable,,S04
34,Spectrogram 1,1,3582.557906,3582.783329,2319.7,6348.7,S1123KIP1_048K_S04_S7112_20240113_070004.flac,582.2379,C:\Users\HNG9\Box\NTRES6150\Problem Sets\PS4\Kipuka\S04_K1Y\S1123KIP1_S04_S7112\S1123KIP1_048K_S04_S7112_20240113_070004.flac,2484.375,6046.875,3515.625,0.2001,3582.6788,3582.5717,3582.7718,Syllable,,S04
35,Spectrogram 1,1,3582.332484,3582.557906,2441.8,6348.7,S1123KIP1_048K_S04_S7112_20240113_070004.flac,582.0125,C:\Users\HNG9\Box\NTRES6150\Problem Sets\PS4\Kipuka\S04_K1Y\S1123KIP1_S04_S7112\S1123KIP1_048K_S04_S7112_20240113_070004.flac,2625,6093.75,3515.625,0.2001,3582.4545,3582.3474,3582.5475,Syllable,,S04
36,Spectrogram 1,1,3582.125846,3582.323091,2624.9,6226.6,S1123KIP1_048K_S04_S7112_20240113_070004.flac,581.8059,C:\Users\HNG9\Box\NTRES6150\Problem Sets\PS4\Kipuka\S04_K1Y\S1123KIP1_S04_S7112\S1123KIP1_048K_S04_S7112_20240113_070004.flac,2718.75,5953.125,3515.625,0.1758,3582.2342,3582.1372,3582.3131,Syllable,,S04
37,Spectrogram 1,1,3590.410127,3590.597979,2563.9,6592.9,S1123KIP1_048K_S04_S7112_20240113_070004.flac,590.0901,C:\Users\HNG9\Box\NTRES6150\Problem Sets\PS4\Kipuka\S04_K1Y\S1123KIP1_S04_S7112\S1123KIP1_048K_S04_S7112_20240113_070004.flac,2671.875,6328.125,3515.625,0.1698,3590.5136,3590.4206,3590.5904,Syllable,,S04
38,Spectrogram 1,1,3590.175311,3590.391341,2747,6409.7,S1123KIP1_048K_S04_S7112_20240113_070004.flac,589.8553,C:\Users\HNG9\Box\NTRES6150\Problem Sets\PS4\Kipuka\S04_K1Y\S1123KIP1_S04_S7112\S1123KIP1_048K_S04_S7112_20240113_070004.flac,2906.25,6140.625,3515.625,0.192,3590.2933,3590.1882,3590.3802,Syllable,,S04
39,Spectrogram 1,1,3589.959281,3590.175311,2624.9,6348.7,S1123KIP1_048K_S04_S7112_20240113_070004.flac,589.6393,C:\Users\HNG9\Box\NTRES6150\Problem Sets\PS4\Kipuka\S04_K1Y\S1123KIP1_S04_S7112\S1123KIP1_048K_S04_S7112_20240113_070004.flac,2718.75,6093.75,3515.625,0.192,3590.0771,3589.972,3590.164,Syllable,,S04
40,Spectrogram 1,1,3589.762037,3589.978067,2869.1,5921.4,S1123KIP1_048K_S04_S7112_20240113_070004.flac,589.442,C:\Users\HNG9\Box\NTRES6150\Problem Sets\PS4\Kipuka\S04_K1Y\S1123KIP1_S04_S7112\S1123KIP1_048K_S04_S7112_20240113_070004.flac,3000,5765.625,3515.625,0.192,3589.8811,3589.776,3589.968,Syllable,,S04
41,Spectrogram 1,1,3589.527221,3589.733859,2808.1,5860.3,S1123KIP1_048K_S04_S7112_20240113_070004.flac,589.2072,C:\Users\HNG9\Box\NTRES6150\Problem Sets\PS4\Kipuka\S04_K1Y\S1123KIP1_S04_S7112\S1123KIP1_048K_S04_S7112_20240113_070004.flac,2906.25,5671.875,3515.625,0.1839,3589.6426,3589.5396,3589.7234,Syllable,,S04
43,Spectrogram 1,1,708.6818867,708.9167019,2319.7,5738.2,S1123KIP1_048K_S04_S7112_20240109_070004.flac,108.6179,C:\Users\HNG9\Box\NTRES6150\Problem Sets\PS4\Kipuka\S04_K1Y\S1123KIP1_S04_S7112\S1123KIP1_048K_S04_S7112_20240109_070004.flac,2531.25,5484.375,3281.25,0.2102,708.7931,708.6921,708.9023,Syllable,,S04
44,Spectrogram 1,1,708.9354871,709.1327318,2258.7,5860.3,S1123KIP1_048K_S04_S7112_20240109_070004.flac,108.8715,C:\Users\HNG9\Box\NTRES6150\Problem Sets\PS4\Kipuka\S04_K1Y\S1123KIP1_S04_S7112\S1123KIP1_048K_S04_S7112_20240109_070004.flac,2437.5,5625,3281.25,0.1778,709.0296,708.9467,709.1246,Syllable,,S04
45,Spectrogram 1,1,709.1515171,709.4145101,1953.4,6043.5,S1123KIP1_048K_S04_S7112_20240109_070004.flac,109.0875,C:\Users\HNG9\Box\NTRES6150\Problem Sets\PS4\Kipuka\S04_K1Y\S1123KIP1_S04_S7112\S1123KIP1_048K_S04_S7112_20240109_070004.flac,2156.25,5718.75,3281.25,0.2364,709.2802,709.1629,709.3994,Syllable,,S04
46,Spectrogram 1,1,709.4332953,709.6681105,2319.7,6043.5,S1123KIP1_048K_S04_S7112_20240109_070004.flac,109.3693,C:\Users\HNG9\Box\NTRES6150\Problem Sets\PS4\Kipuka\S04_K1Y\S1123KIP1_S04_S7112\S1123KIP1_048K_S04_S7112_20240109_070004.flac,2531.25,5765.625,3281.25,0.2081,709.5449,709.4438,709.652,Syllable,,S04
47,Spectrogram 1,1,708.4188936,708.6818867,2380.8,5860.3,S1123KIP1_048K_S04_S7112_20240109_070004.flac,108.3549,C:\Users\HNG9\Box\NTRES6150\Problem Sets\PS4\Kipuka\S04_K1Y\S1123KIP1_S04_S7112\S1123KIP1_048K_S04_S7112_20240109_070004.flac,2578.125,5625,3281.25,0.2324,708.5466,708.4314,708.6638,Syllable,,S04
50,Spectrogram 1,1,1092.933621,1093.168436,2563.9,6165.6,S1123KIP1_048K_S04_S7112_20240109_070004.flac,492.8696,C:\Users\HNG9\Box\NTRES6150\Problem Sets\PS4\Kipuka\S04_K1Y\S1123KIP1_S04_S7112\S1123KIP1_048K_S04_S7112_20240109_070004.flac,2718.75,5953.125,3281.25,0.2081,1093.0465,1092.9455,1093.1536,Syllable,,S04
51,Spectrogram 1,1,1093.149651,1093.384466,2563.9,6043.5,S1123KIP1_048K_S04_S7112_20240109_070004.flac,493.0856,C:\Users\HNG9\Box\NTRES6150\Problem Sets\PS4\Kipuka\S04_K1Y\S1123KIP1_S04_S7112\S1123KIP1_048K_S04_S7112_20240109_070004.flac,2718.75,5765.625,3281.25,0.2081,1093.2627,1093.1617,1093.3698,Syllable,,S04
52,Spectrogram 1,1,1093.403251,1093.628674,2380.8,6653.9,S1123KIP1_048K_S04_S7112_20240109_070004.flac,493.3392,C:\Users\HNG9\Box\NTRES6150\Problem Sets\PS4\Kipuka\S04_K1Y\S1123KIP1_S04_S7112\S1123KIP1_048K_S04_S7112_20240109_070004.flac,2625,6375,3281.25,0.198,1093.5093,1093.4163,1093.6144,Syllable,,S04
53,Spectrogram 1,1,1093.675637,1093.825919,2563.9,6592.9,S1123KIP1_048K_S04_S7112_20240109_070004.flac,493.6116,C:\Users\HNG9\Box\NTRES6150\Problem Sets\PS4\Kipuka\S04_K1Y\S1123KIP1_S04_S7112\S1123KIP1_048K_S04_S7112_20240109_070004.flac,2718.75,6328.125,3562.5,0.1334,1093.7417,1093.6831,1093.8164,Syllable,,S04
54,Spectrogram 1,1,1093.863489,1094.107697,2502.9,6592.9,S1123KIP1_048K_S04_S7112_20240109_070004.flac,493.7995,C:\Users\HNG9\Box\NTRES6150\Problem Sets\PS4\Kipuka\S04_K1Y\S1123KIP1_S04_S7112\S1123KIP1_048K_S04_S7112_20240109_070004.flac,2671.875,6375,3281.25,0.2203,1093.9842,1093.8771,1094.0973,Syllable,,S04
55,Spectrogram 1,1,1094.126482,1094.33312,2441.8,6226.6,S1123KIP1_048K_S04_S7112_20240109_070004.flac,494.0625,C:\Users\HNG9\Box\NTRES6150\Problem Sets\PS4\Kipuka\S04_K1Y\S1123KIP1_S04_S7112\S1123KIP1_048K_S04_S7112_20240109_070004.flac,2671.875,5953.125,3281.25,0.1819,1094.2247,1094.1378,1094.3196,Syllable,,S04
56,Spectrogram 1,1,1094.351905,1094.558542,2441.8,6287.7,S1123KIP1_048K_S04_S7112_20240109_070004.flac,494.2879,C:\Users\HNG9\Box\NTRES6150\Problem Sets\PS4\Kipuka\S04_K1Y\S1123KIP1_S04_S7112\S1123KIP1_048K_S04_S7112_20240109_070004.flac,2671.875,6093.75,3281.25,0.1839,1094.449,1094.3621,1094.546,Syllable,,S04
58,Spectrogram 1,1,1101.246079,1101.452716,2380.8,5860.3,S1123KIP1_048K_S04_S7112_20240109_070004.flac,501.1821,C:\Users\HNG9\Box\NTRES6150\Problem Sets\PS4\Kipuka\S04_K1Y\S1123KIP1_S04_S7112\S1123KIP1_048K_S04_S7112_20240109_070004.flac,2578.125,5625,3281.25,0.1819,1101.3441,1101.2572,1101.439,Syllable,,S04
59,Spectrogram 1,1,1101.499679,1101.743887,2319.7,6043.5,S1123KIP1_048K_S04_S7112_20240109_070004.flac,501.4357,C:\Users\HNG9\Box\NTRES6150\Problem Sets\PS4\Kipuka\S04_K1Y\S1123KIP1_S04_S7112\S1123KIP1_048K_S04_S7112_20240109_070004.flac,2531.25,5765.625,3281.25,0.2183,1101.6189,1101.5138,1101.7321,Syllable,,S04
60,Spectrogram 1,1,1101.743887,1101.96931,2258.7,6226.6,S1123KIP1_048K_S04_S7112_20240109_070004.flac,501.6799,C:\Users\HNG9\Box\NTRES6150\Problem Sets\PS4\Kipuka\S04_K1Y\S1123KIP1_S04_S7112\S1123KIP1_048K_S04_S7112_20240109_070004.flac,2437.5,5953.125,3281.25,0.2001,1101.8513,1101.7543,1101.9543,Syllable,,S04
61,Spectrogram 1,1,1101.997488,1102.204125,2075.5,5982.4,S1123KIP1_048K_S04_S7112_20240109_070004.flac,501.9335,C:\Users\HNG9\Box\NTRES6150\Problem Sets\PS4\Kipuka\S04_K1Y\S1123KIP1_S04_S7112\S1123KIP1_048K_S04_S7112_20240109_070004.flac,2250,5718.75,3281.25,0.1859,1102.0958,1102.0069,1102.1928,Syllable,,S04
62,Spectrogram 1,1,1102.22291,1102.495296,2686,5982.4,S1123KIP1_048K_S04_S7112_20240109_070004.flac,502.1589,C:\Users\HNG9\Box\NTRES6150\Problem Sets\PS4\Kipuka\S04_K1Y\S1123KIP1_S04_S7112\S1123KIP1_048K_S04_S7112_20240109_070004.flac,2812.5,5765.625,3281.25,0.2405,1102.3585,1102.2352,1102.4757,Syllable,,S04
63,Spectrogram 1,1,1102.495296,1102.720718,2686,6287.7,S1123KIP1_048K_S04_S7112_20240109_070004.flac,502.4313,C:\Users\HNG9\Box\NTRES6150\Problem Sets\PS4\Kipuka\S04_K1Y\S1123KIP1_S04_S7112\S1123KIP1_048K_S04_S7112_20240109_070004.flac,2859.375,6093.75,3281.25,0.2001,1102.601,1102.506,1102.7061,Syllable,,S04
64,Spectrogram 1,1,1102.711326,1103.002497,2380.8,5738.2,S1123KIP1_048K_S04_S7112_20240109_070004.flac,502.6473,C:\Users\HNG9\Box\NTRES6150\Problem Sets\PS4\Kipuka\S04_K1Y\S1123KIP1_S04_S7112\S1123KIP1_048K_S04_S7112_20240109_070004.flac,2578.125,5531.25,3281.25,0.2587,1102.8536,1102.7243,1102.9829,Syllable,,S04
68,Spectrogram 1,1,3063.719473,3063.973073,2563.9,5738.2,S1123KIP1_048K_S04_S7112_20240113_070004.flac,63.3995,C:\Users\HNG9\Box\NTRES6150\Problem Sets\PS4\Kipuka\S04_K1Y\S1123KIP1_S04_S7112\S1123KIP1_048K_S04_S7112_20240113_070004.flac,2671.875,5484.375,3515.625,0.2203,3063.8561,3063.7369,3063.9572,Syllable,,S04
69,Spectrogram 1,1,3064.001251,3064.226674,2624.9,5860.3,S1123KIP1_048K_S04_S7112_20240113_070004.flac,63.6812,C:\Users\HNG9\Box\NTRES6150\Problem Sets\PS4\Kipuka\S04_K1Y\S1123KIP1_S04_S7112\S1123KIP1_048K_S04_S7112_20240113_070004.flac,2718.75,5671.875,3515.625,0.2001,3064.1249,3064.0158,3064.2158,Syllable,,S04
70,Spectrogram 1,1,3064.236066,3064.480274,2563.9,6226.6,S1123KIP1_048K_S04_S7112_20240113_070004.flac,63.9161,C:\Users\HNG9\Box\NTRES6150\Problem Sets\PS4\Kipuka\S04_K1Y\S1123KIP1_S04_S7112\S1123KIP1_048K_S04_S7112_20240113_070004.flac,2671.875,5953.125,3515.625,0.2142,3064.3714,3064.2522,3064.4664,Syllable,,S04
71,Spectrogram 1,1,3064.470881,3064.696304,2502.9,6104.5,S1123KIP1_048K_S04_S7112_20240113_070004.flac,64.1509,C:\Users\HNG9\Box\NTRES6150\Problem Sets\PS4\Kipuka\S04_K1Y\S1123KIP1_S04_S7112\S1123KIP1_048K_S04_S7112_20240113_070004.flac,2625,5859.375,3515.625,0.2001,3064.5937,3064.4846,3064.6847,Syllable,,S04
72,Spectrogram 1,1,3064.715089,3064.96869,2380.8,5982.4,S1123KIP1_048K_S04_S7112_20240113_070004.flac,64.3951,C:\Users\HNG9\Box\NTRES6150\Problem Sets\PS4\Kipuka\S04_K1Y\S1123KIP1_S04_S7112\S1123KIP1_048K_S04_S7112_20240113_070004.flac,2484.375,5718.75,3515.625,0.2203,3064.8524,3064.7332,3064.9534,Syllable,,S04
73,Spectrogram 1,1,3064.987475,3065.194112,2441.8,5860.3,S1123KIP1_048K_S04_S7112_20240113_070004.flac,64.6675,C:\Users\HNG9\Box\NTRES6150\Problem Sets\PS4\Kipuka\S04_K1Y\S1123KIP1_S04_S7112\S1123KIP1_048K_S04_S7112_20240113_070004.flac,2625,5671.875,3515.625,0.1859,3065.101,3064.9999,3065.1858,Syllable,,S04
74,Spectrogram 1,1,3065.250468,3065.504068,2563.9,5799.3,S1123KIP1_048K_S04_S7112_20240113_070004.flac,64.9305,C:\Users\HNG9\Box\NTRES6150\Problem Sets\PS4\Kipuka\S04_K1Y\S1123KIP1_S04_S7112\S1123KIP1_048K_S04_S7112_20240113_070004.flac,2671.875,5531.25,3515.625,0.2223,3065.3879,3065.2667,3065.489,Syllable,,S04
75,Spectrogram 1,1,3071.684404,3071.891042,2502.9,5738.2,S1123KIP1_048K_S04_S7112_20240113_070004.flac,71.3644,C:\Users\HNG9\Box\NTRES6150\Problem Sets\PS4\Kipuka\S04_K1Y\S1123KIP1_S04_S7112\S1123KIP1_048K_S04_S7112_20240113_070004.flac,2625,5484.375,3515.625,0.1859,3071.798,3071.697,3071.8829,Syllable,,S04
76,Spectrogram 1,1,3072.651843,3072.924228,2441.8,6287.7,S1123KIP1_048K_S04_S7112_20240113_070004.flac,72.3318,C:\Users\HNG9\Box\NTRES6150\Problem Sets\PS4\Kipuka\S04_K1Y\S1123KIP1_S04_S7112\S1123KIP1_048K_S04_S7112_20240113_070004.flac,2625,6046.875,3515.625,0.2405,3072.7963,3072.671,3072.9115,Syllable,,S04
77,Spectrogram 1,1,3072.943014,3073.187221,2747,5921.4,S1123KIP1_048K_S04_S7112_20240113_070004.flac,72.623,C:\Users\HNG9\Box\NTRES6150\Problem Sets\PS4\Kipuka\S04_K1Y\S1123KIP1_S04_S7112\S1123KIP1_048K_S04_S7112_20240113_070004.flac,2906.25,5718.75,3515.625,0.2162,3073.0772,3072.958,3073.1742,Syllable,,S04
78,Spectrogram 1,1,3072.398242,3072.680021,2197.6,5982.4,S1123KIP1_048K_S04_S7112_20240113_070004.flac,72.0782,C:\Users\HNG9\Box\NTRES6150\Problem Sets\PS4\Kipuka\S04_K1Y\S1123KIP1_S04_S7112\S1123KIP1_048K_S04_S7112_20240113_070004.flac,2296.875,5718.75,3515.625,0.2506,3072.5498,3072.4164,3072.667,Syllable,,S04
79,Spectrogram 1,1,3072.144642,3072.407635,2258.7,5921.4,S1123KIP1_048K_S04_S7112_20240113_070004.flac,71.8246,C:\Users\HNG9\Box\NTRES6150\Problem Sets\PS4\Kipuka\S04_K1Y\S1123KIP1_S04_S7112\S1123KIP1_048K_S04_S7112_20240113_070004.flac,2390.625,5671.875,3515.625,0.2324,3072.285,3072.1618,3072.3942,Syllable,,S04
80,Spectrogram 1,1,3071.891042,3072.163427,2563.9,5738.2,S1123KIP1_048K_S04_S7112_20240113_070004.flac,71.571,C:\Users\HNG9\Box\NTRES6150\Problem Sets\PS4\Kipuka\S04_K1Y\S1123KIP1_S04_S7112\S1123KIP1_048K_S04_S7112_20240113_070004.flac,2671.875,5484.375,3515.625,0.2385,3072.0365,3071.9112,3072.1496,Syllable,,S04
81,Spectrogram 1,1,3098.528478,3098.782078,2197.6,6287.7,S1123KIP1_048K_S04_S7112_20240113_070004.flac,98.2085,C:\Users\HNG9\Box\NTRES6150\Problem Sets\PS4\Kipuka\S04_K1Y\S1123KIP1_S04_S7112\S1123KIP1_048K_S04_S7112_20240113_070004.flac,2296.875,6000,3515.625,0.2223,3098.665,3098.5437,3098.766,Syllable,,S04
82,Spectrogram 1,1,3098.246699,3098.53787,2380.8,6165.6,S1123KIP1_048K_S04_S7112_20240113_070004.flac,97.9267,C:\Users\HNG9\Box\NTRES6150\Problem Sets\PS4\Kipuka\S04_K1Y\S1123KIP1_S04_S7112\S1123KIP1_048K_S04_S7112_20240113_070004.flac,2484.375,5906.25,3515.625,0.2566,3098.4003,3098.2669,3098.5235,Syllable,,S04
83,Spectrogram 1,1,3097.964921,3098.265485,2441.8,6165.6,S1123KIP1_048K_S04_S7112_20240113_070004.flac,97.6449,C:\Users\HNG9\Box\NTRES6150\Problem Sets\PS4\Kipuka\S04_K1Y\S1123KIP1_S04_S7112\S1123KIP1_048K_S04_S7112_20240113_070004.flac,2578.125,5906.25,3515.625,0.2668,3098.1214,3097.984,3098.2507,Syllable,,S04
84,Spectrogram 1,1,3097.739498,3098.021277,2502.9,6165.6,S1123KIP1_048K_S04_S7112_20240113_070004.flac,97.4195,C:\Users\HNG9\Box\NTRES6150\Problem Sets\PS4\Kipuka\S04_K1Y\S1123KIP1_S04_S7112\S1123KIP1_048K_S04_S7112_20240113_070004.flac,2625,5906.25,3515.625,0.2465,3097.889,3097.7597,3098.0062,Syllable,,S04
85,Spectrogram 1,1,3097.504683,3097.758284,2319.7,6165.6,S1123KIP1_048K_S04_S7112_20240113_070004.flac,97.1847,C:\Users\HNG9\Box\NTRES6150\Problem Sets\PS4\Kipuka\S04_K1Y\S1123KIP1_S04_S7112\S1123KIP1_048K_S04_S7112_20240113_070004.flac,2437.5,5906.25,3515.625,0.2243,3097.6424,3097.5192,3097.7435,Syllable,,S04
86,Spectrogram 1,1,3097.260475,3097.514076,2747,6226.6,S1123KIP1_048K_S04_S7112_20240113_070004.flac,96.9405,C:\Users\HNG9\Box\NTRES6150\Problem Sets\PS4\Kipuka\S04_K1Y\S1123KIP1_S04_S7112\S1123KIP1_048K_S04_S7112_20240113_070004.flac,2906.25,5953.125,3515.625,0.2263,3097.3979,3097.2747,3097.501,Syllable,,S04
87,Spectrogram 1,1,3097.016268,3097.279261,2686,5860.3,S1123KIP1_048K_S04_S7112_20240113_070004.flac,96.6963,C:\Users\HNG9\Box\NTRES6150\Problem Sets\PS4\Kipuka\S04_K1Y\S1123KIP1_S04_S7112\S1123KIP1_048K_S04_S7112_20240113_070004.flac,2859.375,5671.875,3515.625,0.2324,3097.1595,3097.0342,3097.2666,Syllable,,S04
92,Spectrogram 1,1,361.3713208,361.5685655,2563.9,5860.3,S1123KIP1_048K_S04_S7112_20240108_070004.flac,361.3713,C:\Users\HNG9\Box\NTRES6150\Problem Sets\PS4\Kipuka\S04_K1Y\S1123KIP1_S04_S7112\S1123KIP1_048K_S04_S7112_20240108_070004.flac,2718.75,5625,3515.625,0.1738,361.4584,361.3816,361.5554,Syllable,,S04
93,Spectrogram 1,1,361.6061359,361.8315585,2441.8,6104.5,S1123KIP1_048K_S04_S7112_20240108_070004.flac,361.6061,C:\Users\HNG9\Box\NTRES6150\Problem Sets\PS4\Kipuka\S04_K1Y\S1123KIP1_S04_S7112\S1123KIP1_048K_S04_S7112_20240108_070004.flac,2671.875,5765.625,3984.375,0.2081,361.717,361.62,361.8282,Syllable,,S04
94,Spectrogram 1,1,361.8597364,362.0381959,2380.8,6165.6,S1123KIP1_048K_S04_S7112_20240108_070004.flac,361.8597,C:\Users\HNG9\Box\NTRES6150\Problem Sets\PS4\Kipuka\S04_K1Y\S1123KIP1_S04_S7112\S1123KIP1_048K_S04_S7112_20240108_070004.flac,2531.25,5812.5,3515.625,0.1576,361.9413,361.8686,362.0262,Syllable,,S04
95,Spectrogram 1,1,362.0945516,362.3105815,2563.9,5921.4,S1123KIP1_048K_S04_S7112_20240108_070004.flac,362.0945,C:\Users\HNG9\Box\NTRES6150\Problem Sets\PS4\Kipuka\S04_K1Y\S1123KIP1_S04_S7112\S1123KIP1_048K_S04_S7112_20240108_070004.flac,2718.75,5671.875,3937.5,0.198,362.1919,362.1071,362.3051,Syllable,,S04
96,Spectrogram 1,1,362.3199741,362.5453967,2686,6470.8,S1123KIP1_048K_S04_S7112_20240108_070004.flac,362.32,C:\Users\HNG9\Box\NTRES6150\Problem Sets\PS4\Kipuka\S04_K1Y\S1123KIP1_S04_S7112\S1123KIP1_048K_S04_S7112_20240108_070004.flac,2859.375,6046.875,3984.375,0.2081,362.4324,362.3334,362.5415,Syllable,,S04
97,Spectrogram 1,1,362.5735746,362.8177824,2747,6226.6,S1123KIP1_048K_S04_S7112_20240108_070004.flac,362.5736,C:\Users\HNG9\Box\NTRES6150\Problem Sets\PS4\Kipuka\S04_K1Y\S1123KIP1_S04_S7112\S1123KIP1_048K_S04_S7112_20240108_070004.flac,2953.125,5718.75,3984.375,0.2182,362.784,362.5961,362.8143,Syllable,,S04
98,Spectrogram 1,1,369.0638666,369.317467,2441.8,5555.1,S1123KIP1_048K_S04_S7112_20240108_070004.flac,369.0639,C:\Users\HNG9\Box\NTRES6150\Problem Sets\PS4\Kipuka\S04_K1Y\S1123KIP1_S04_S7112\S1123KIP1_048K_S04_S7112_20240108_070004.flac,2765.625,4875,3984.375,0.2223,369.2891,369.0931,369.3154,Syllable,,S04
99,Spectrogram 1,1,368.7820884,369.0450814,2563.9,5616.2,S1123KIP1_048K_S04_S7112_20240108_070004.flac,368.7821,C:\Users\HNG9\Box\NTRES6150\Problem Sets\PS4\Kipuka\S04_K1Y\S1123KIP1_S04_S7112\S1123KIP1_048K_S04_S7112_20240108_070004.flac,2859.375,4921.875,3984.375,0.2223,369.0122,368.8182,369.0405,Syllable,,S04
100,Spectrogram 1,1,368.5190954,368.8008736,2502.9,5738.2,S1123KIP1_048K_S04_S7112_20240108_070004.flac,368.5191,C:\Users\HNG9\Box\NTRES6150\Problem Sets\PS4\Kipuka\S04_K1Y\S1123KIP1_S04_S7112\S1123KIP1_048K_S04_S7112_20240108_070004.flac,2859.375,5062.5,3984.375,0.2344,368.7516,368.5555,368.7899,Syllable,,S04
101,Spectrogram 1,1,368.2748875,368.5472732,2624.9,5921.4,S1123KIP1_048K_S04_S7112_20240108_070004.flac,368.2749,C:\Users\HNG9\Box\NTRES6150\Problem Sets\PS4\Kipuka\S04_K1Y\S1123KIP1_S04_S7112\S1123KIP1_048K_S04_S7112_20240108_070004.flac,2906.25,5296.875,3984.375,0.2263,368.507,368.311,368.5373,Syllable,,S04
102,Spectrogram 1,1,368.0400723,368.2654949,2441.8,5921.4,S1123KIP1_048K_S04_S7112_20240108_070004.flac,368.0401,C:\Users\HNG9\Box\NTRES6150\Problem Sets\PS4\Kipuka\S04_K1Y\S1123KIP1_S04_S7112\S1123KIP1_048K_S04_S7112_20240108_070004.flac,2671.875,5625,3984.375,0.2102,368.1574,368.0523,368.2625,Syllable,,S04
103,Spectrogram 1,1,367.833435,368.049465,2624.9,5738.2,S1123KIP1_048K_S04_S7112_20240108_070004.flac,367.8334,C:\Users\HNG9\Box\NTRES6150\Problem Sets\PS4\Kipuka\S04_K1Y\S1123KIP1_S04_S7112\S1123KIP1_048K_S04_S7112_20240108_070004.flac,2765.625,5437.5,3937.5,0.2001,367.9311,367.8462,368.0463,Syllable,,S04
104,Spectrogram 1,1,367.5892272,367.8240424,2808.1,5738.2,S1123KIP1_048K_S04_S7112_20240108_070004.flac,367.5892,C:\Users\HNG9\Box\NTRES6150\Problem Sets\PS4\Kipuka\S04_K1Y\S1123KIP1_S04_S7112\S1123KIP1_048K_S04_S7112_20240108_070004.flac,2953.125,5343.75,3984.375,0.2142,367.7593,367.6098,367.824,Syllable,,S04
105,Spectrogram 1,1,385.3600413,385.5948565,2563.9,5738.2,S1123KIP1_048K_S04_S7112_20240108_070004.flac,385.36,C:\Users\HNG9\Box\NTRES6150\Problem Sets\PS4\Kipuka\S04_K1Y\S1123KIP1_S04_S7112\S1123KIP1_048K_S04_S7112_20240108_070004.flac,2765.625,5296.875,3984.375,0.2142,385.5184,385.379,385.5932,Syllable,,S04
106,Spectrogram 1,1,385.0782631,385.3224709,2686,5799.3,S1123KIP1_048K_S04_S7112_20240108_070004.flac,385.0783,C:\Users\HNG9\Box\NTRES6150\Problem Sets\PS4\Kipuka\S04_K1Y\S1123KIP1_S04_S7112\S1123KIP1_048K_S04_S7112_20240108_070004.flac,2906.25,5296.875,3984.375,0.2182,385.2901,385.1041,385.3224,Syllable,,S04
107,Spectrogram 1,1,384.8434479,385.0970483,2563.9,6165.6,S1123KIP1_048K_S04_S7112_20240108_070004.flac,384.8434,C:\Users\HNG9\Box\NTRES6150\Problem Sets\PS4\Kipuka\S04_K1Y\S1123KIP1_S04_S7112\S1123KIP1_048K_S04_S7112_20240108_070004.flac,2859.375,5625,3984.375,0.2223,385.0657,384.8717,385.094,Syllable,,S04
108,Spectrogram 1,1,384.6180253,384.8622331,2747,5982.4,S1123KIP1_048K_S04_S7112_20240108_070004.flac,384.618,C:\Users\HNG9\Box\NTRES6150\Problem Sets\PS4\Kipuka\S04_K1Y\S1123KIP1_S04_S7112\S1123KIP1_048K_S04_S7112_20240108_070004.flac,2953.125,5531.25,3984.375,0.2183,384.8293,384.6434,384.8616,Syllable,,S04
109,Spectrogram 1,1,384.3456396,384.6180253,2808.1,5616.2,S1123KIP1_048K_S04_S7112_20240108_070004.flac,384.3456,C:\Users\HNG9\Box\NTRES6150\Problem Sets\PS4\Kipuka\S04_K1Y\S1123KIP1_S04_S7112\S1123KIP1_048K_S04_S7112_20240108_070004.flac,3093.75,4921.875,3984.375,0.2243,384.5787,384.3847,384.609,Syllable,,S04
110,Spectrogram 1,1,384.1108244,384.3738175,2441.8,5982.4,S1123KIP1_048K_S04_S7112_20240108_070004.flac,384.1108,C:\Users\HNG9\Box\NTRES6150\Problem Sets\PS4\Kipuka\S04_K1Y\S1123KIP1_S04_S7112\S1123KIP1_048K_S04_S7112_20240108_070004.flac,2812.5,5390.625,3984.375,0.2263,384.3382,384.1422,384.3686,Syllable,,S04
111,Spectrogram 1,1,379.4426983,379.715084,2930.2,6165.6,S1123KIP1_048K_S04_S7112_20240108_070004.flac,379.4427,C:\Users\HNG9\Box\NTRES6150\Problem Sets\PS4\Kipuka\S04_K1Y\S1123KIP1_S04_S7112\S1123KIP1_048K_S04_S7112_20240108_070004.flac,3328.125,5578.125,3984.375,0.2284,379.6762,379.4781,379.7065,Syllable,,S04
112,Spectrogram 1,1,377.9774515,378.2310519,2686,6104.5,S1123KIP1_048K_S04_S7112_20240108_070004.flac,377.9775,C:\Users\HNG9\Box\NTRES6150\Problem Sets\PS4\Kipuka\S04_K1Y\S1123KIP1_S04_S7112\S1123KIP1_048K_S04_S7112_20240108_070004.flac,2953.125,5625,3984.375,0.2203,378.1989,378.007,378.2272,Syllable,,S04
113,Spectrogram 1,1,379.2172757,379.4426983,2686,6592.9,S1123KIP1_048K_S04_S7112_20240108_070004.flac,379.2173,C:\Users\HNG9\Box\NTRES6150\Problem Sets\PS4\Kipuka\S04_K1Y\S1123KIP1_S04_S7112\S1123KIP1_048K_S04_S7112_20240108_070004.flac,2859.375,6140.625,3984.375,0.2081,379.3347,379.2316,379.4397,Syllable,,S04
114,Spectrogram 1,1,378.2404445,378.4564745,2747,6104.5,S1123KIP1_048K_S04_S7112_20240108_070004.flac,378.2404,C:\Users\HNG9\Box\NTRES6150\Problem Sets\PS4\Kipuka\S04_K1Y\S1123KIP1_S04_S7112\S1123KIP1_048K_S04_S7112_20240108_070004.flac,2859.375,5812.5,3937.5,0.2001,378.3384,378.2535,378.4536,Syllable,,S04
115,Spectrogram 1,1,378.9354975,379.2078831,2808.1,6226.6,S1123KIP1_048K_S04_S7112_20240108_070004.flac,378.9355,C:\Users\HNG9\Box\NTRES6150\Problem Sets\PS4\Kipuka\S04_K1Y\S1123KIP1_S04_S7112\S1123KIP1_048K_S04_S7112_20240108_070004.flac,3140.625,5625,3984.375,0.2284,379.1669,378.9709,379.1993,Syllable,,S04
116,Spectrogram 1,1,378.4658671,378.7288601,2624.9,6226.6,S1123KIP1_048K_S04_S7112_20240108_070004.flac,378.4659,C:\Users\HNG9\Box\NTRES6150\Problem Sets\PS4\Kipuka\S04_K1Y\S1123KIP1_S04_S7112\S1123KIP1_048K_S04_S7112_20240108_070004.flac,2906.25,5625,3984.375,0.2263,378.6941,378.498,378.7244,Syllable,,S04
117,Spectrogram 1,1,378.7476453,378.9542827,2808.1,6226.6,S1123KIP1_048K_S04_S7112_20240108_070004.flac,378.7476,C:\Users\HNG9\Box\NTRES6150\Problem Sets\PS4\Kipuka\S04_K1Y\S1123KIP1_S04_S7112\S1123KIP1_048K_S04_S7112_20240108_070004.flac,2906.25,5906.25,3515.625,0.1819,378.8375,378.7587,378.9406,Syllable,,S04
120,Spectrogram 1,1,1735.839,1736.130225,2502.9,6287.7,S1123KIP1_048K_S04_S7112_20240110_070004.flac,535.711,C:\Users\HNG9\Box\NTRES6150\Problem Sets\PS4\Kipuka\S04_K1Y\S1123KIP1_S04_S7112\S1123KIP1_048K_S04_S7112_20240110_070004.flac,2671.875,6000,2671.875,0.2607,1735.9767,1735.8493,1736.11,Syllable,,S04
121,Spectrogram 1,1,1735.125216,1735.369423,2380.8,6348.7,S1123KIP1_048K_S04_S7112_20240110_070004.flac,534.9972,C:\Users\HNG9\Box\NTRES6150\Problem Sets\PS4\Kipuka\S04_K1Y\S1123KIP1_S04_S7112\S1123KIP1_048K_S04_S7112_20240110_070004.flac,2484.375,6000,2671.875,0.2182,1735.2451,1735.136,1735.3542,Syllable,,S04
122,Spectrogram 1,1,1735.594846,1735.848446,2319.7,6592.9,S1123KIP1_048K_S04_S7112_20240110_070004.flac,535.4669,C:\Users\HNG9\Box\NTRES6150\Problem Sets\PS4\Kipuka\S04_K1Y\S1123KIP1_S04_S7112\S1123KIP1_048K_S04_S7112_20240110_070004.flac,2437.5,6281.25,2671.875,0.2243,1735.72,1735.6068,1735.8312,Syllable,,S04
123,Spectrogram 1,1,1735.378816,1735.604239,2502.9,6348.7,S1123KIP1_048K_S04_S7112_20240110_070004.flac,535.2508,C:\Users\HNG9\Box\NTRES6150\Problem Sets\PS4\Kipuka\S04_K1Y\S1123KIP1_S04_S7112\S1123KIP1_048K_S04_S7112_20240110_070004.flac,2625,6046.875,2671.875,0.2001,1735.4896,1735.3886,1735.5887,Syllable,,S04
124,Spectrogram 1,1,1734.8904,1735.10643,2441.8,6348.7,S1123KIP1_048K_S04_S7112_20240110_070004.flac,534.7624,C:\Users\HNG9\Box\NTRES6150\Problem Sets\PS4\Kipuka\S04_K1Y\S1123KIP1_S04_S7112\S1123KIP1_048K_S04_S7112_20240110_070004.flac,2578.125,6000,2671.875,0.192,1734.9966,1734.8996,1735.0915,Syllable,,S04
125,Spectrogram 1,1,1734.664978,1734.899793,2258.7,6653.9,S1123KIP1_048K_S04_S7112_20240110_070004.flac,534.537,C:\Users\HNG9\Box\NTRES6150\Problem Sets\PS4\Kipuka\S04_K1Y\S1123KIP1_S04_S7112\S1123KIP1_048K_S04_S7112_20240110_070004.flac,2437.5,6328.125,2671.875,0.2122,1734.7803,1734.6732,1734.8854,Syllable,,S04
126,Spectrogram 1,1,1734.411377,1734.67437,2441.8,6837.1,S1123KIP1_048K_S04_S7112_20240110_070004.flac,534.2834,C:\Users\HNG9\Box\NTRES6150\Problem Sets\PS4\Kipuka\S04_K1Y\S1123KIP1_S04_S7112\S1123KIP1_048K_S04_S7112_20240110_070004.flac,2625,6468.75,2671.875,0.2344,1734.5419,1734.4226,1734.6571,Syllable,,S04
127,Spectrogram 1,1,1732.43893,1732.579819,2686,6348.7,S1123KIP1_048K_S04_S7112_20240110_070004.flac,532.3109,C:\Users\HNG9\Box\NTRES6150\Problem Sets\PS4\Kipuka\S04_K1Y\S1123KIP1_S04_S7112\S1123KIP1_048K_S04_S7112_20240110_070004.flac,2812.5,6046.875,4125,0.1293,1732.5069,1732.4463,1732.5756,Syllable,,S04
128,Spectrogram 1,1,1732.185329,1732.363789,2624.9,6287.7,S1123KIP1_048K_S04_S7112_20240110_070004.flac,532.0573,C:\Users\HNG9\Box\NTRES6150\Problem Sets\PS4\Kipuka\S04_K1Y\S1123KIP1_S04_S7112\S1123KIP1_048K_S04_S7112_20240110_070004.flac,2718.75,5953.125,2671.875,0.1657,1732.2725,1732.1916,1732.3573,Syllable,,S04
129,Spectrogram 1,1,1731.969299,1732.185329,2869.1,6287.7,S1123KIP1_048K_S04_S7112_20240110_070004.flac,531.8413,C:\Users\HNG9\Box\NTRES6150\Problem Sets\PS4\Kipuka\S04_K1Y\S1123KIP1_S04_S7112\S1123KIP1_048K_S04_S7112_20240110_070004.flac,3000,6000,4125,0.192,1732.0764,1731.9774,1732.1694,Syllable,,S04
130,Spectrogram 1,1,1731.743877,1731.959907,2686,6226.6,S1123KIP1_048K_S04_S7112_20240110_070004.flac,531.6159,C:\Users\HNG9\Box\NTRES6150\Problem Sets\PS4\Kipuka\S04_K1Y\S1123KIP1_S04_S7112\S1123KIP1_048K_S04_S7112_20240110_070004.flac,2812.5,5906.25,2718.75,0.192,1731.8501,1731.7531,1731.9451,Syllable,,S04
131,Spectrogram 1,1,1731.537239,1731.743877,2624.9,6348.7,S1123KIP1_048K_S04_S7112_20240110_070004.flac,531.4092,C:\Users\HNG9\Box\NTRES6150\Problem Sets\PS4\Kipuka\S04_K1Y\S1123KIP1_S04_S7112\S1123KIP1_048K_S04_S7112_20240110_070004.flac,2718.75,6046.875,2671.875,0.1839,1731.6399,1731.547,1731.7309,Syllable,,S04
132,Spectrogram 1,1,1731.311817,1731.537239,2502.9,6226.6,S1123KIP1_048K_S04_S7112_20240110_070004.flac,531.1838,C:\Users\HNG9\Box\NTRES6150\Problem Sets\PS4\Kipuka\S04_K1Y\S1123KIP1_S04_S7112\S1123KIP1_048K_S04_S7112_20240110_070004.flac,2625,5906.25,2671.875,0.2021,1731.4217,1731.3207,1731.5227,Syllable,,S04
133,Spectrogram 1,1,1731.095787,1731.330602,2624.9,6104.5,S1123KIP1_048K_S04_S7112_20240110_070004.flac,530.9678,C:\Users\HNG9\Box\NTRES6150\Problem Sets\PS4\Kipuka\S04_K1Y\S1123KIP1_S04_S7112\S1123KIP1_048K_S04_S7112_20240110_070004.flac,2718.75,5812.5,2671.875,0.2122,1731.2095,1731.1044,1731.3166,Syllable,,S04
136,Spectrogram 1,1,1473.174691,1473.353151,2686,6226.6,S1123KIP1_048K_S04_S7112_20240110_070004.flac,273.0467,C:\Users\HNG9\Box\NTRES6150\Problem Sets\PS4\Kipuka\S04_K1Y\S1123KIP1_S04_S7112\S1123KIP1_048K_S04_S7112_20240110_070004.flac,2812.5,5906.25,2718.75,0.1617,1473.2623,1473.1834,1473.3451,Syllable,,S04
137,Spectrogram 1,1,1472.733238,1472.902305,2808.1,6287.7,S1123KIP1_048K_S04_S7112_20240110_070004.flac,272.6052,C:\Users\HNG9\Box\NTRES6150\Problem Sets\PS4\Kipuka\S04_K1Y\S1123KIP1_S04_S7112\S1123KIP1_048K_S04_S7112_20240110_070004.flac,2906.25,6000,4125,0.1536,1472.8157,1472.7409,1472.8945,Syllable,,S04
138,Spectrogram 1,1,1472.949268,1473.137121,2808.1,6409.7,S1123KIP1_048K_S04_S7112_20240110_070004.flac,272.8213,C:\Users\HNG9\Box\NTRES6150\Problem Sets\PS4\Kipuka\S04_K1Y\S1123KIP1_S04_S7112\S1123KIP1_048K_S04_S7112_20240110_070004.flac,2906.25,6140.625,4125,0.1698,1473.044,1472.9591,1473.1289,Syllable,,S04
139,Spectrogram 1,1,1472.526601,1472.723846,2747,6287.7,S1123KIP1_048K_S04_S7112_20240110_070004.flac,272.3986,C:\Users\HNG9\Box\NTRES6150\Problem Sets\PS4\Kipuka\S04_K1Y\S1123KIP1_S04_S7112\S1123KIP1_048K_S04_S7112_20240110_070004.flac,2859.375,6000,4125,0.1778,1472.6237,1472.5348,1472.7126,Syllable,,S04
140,Spectrogram 1,1,1472.301179,1472.526601,2808.1,6531.8,S1123KIP1_048K_S04_S7112_20240110_070004.flac,272.1732,C:\Users\HNG9\Box\NTRES6150\Problem Sets\PS4\Kipuka\S04_K1Y\S1123KIP1_S04_S7112\S1123KIP1_048K_S04_S7112_20240110_070004.flac,2906.25,6328.125,4125,0.198,1472.4115,1472.3125,1472.5105,Syllable,,S04
141,Spectrogram 1,1,1472.056971,1472.282393,2991.2,6470.8,S1123KIP1_048K_S04_S7112_20240110_070004.flac,271.929,C:\Users\HNG9\Box\NTRES6150\Problem Sets\PS4\Kipuka\S04_K1Y\S1123KIP1_S04_S7112\S1123KIP1_048K_S04_S7112_20240110_070004.flac,3093.75,6281.25,4125,0.2001,1472.169,1472.0679,1472.268,Syllable,,S04
142,Spectrogram 1,1,1471.850333,1472.075756,2808.1,5921.4,S1123KIP1_048K_S04_S7112_20240110_070004.flac,271.7223,C:\Users\HNG9\Box\NTRES6150\Problem Sets\PS4\Kipuka\S04_K1Y\S1123KIP1_S04_S7112\S1123KIP1_048K_S04_S7112_20240110_070004.flac,2906.25,5671.875,4125,0.2001,1471.9608,1471.8598,1472.0599,Syllable,,S04
143,Spectrogram 1,1,1464.148395,1464.289284,2808.1,6470.8,S1123KIP1_048K_S04_S7112_20240110_070004.flac,264.0204,C:\Users\HNG9\Box\NTRES6150\Problem Sets\PS4\Kipuka\S04_K1Y\S1123KIP1_S04_S7112\S1123KIP1_048K_S04_S7112_20240110_070004.flac,2906.25,6234.375,4125,0.1273,1464.217,1464.1564,1464.2837,Syllable,,S04
144,Spectrogram 1,1,1464.336247,1464.514707,2808.1,6348.7,S1123KIP1_048K_S04_S7112_20240110_070004.flac,264.2083,C:\Users\HNG9\Box\NTRES6150\Problem Sets\PS4\Kipuka\S04_K1Y\S1123KIP1_S04_S7112\S1123KIP1_048K_S04_S7112_20240110_070004.flac,2906.25,6046.875,4125,0.1617,1464.4252,1464.3463,1464.508,Syllable,,S04
145,Spectrogram 1,1,1464.542884,1464.730737,2808.1,6409.7,S1123KIP1_048K_S04_S7112_20240110_070004.flac,264.4149,C:\Users\HNG9\Box\NTRES6150\Problem Sets\PS4\Kipuka\S04_K1Y\S1123KIP1_S04_S7112\S1123KIP1_048K_S04_S7112_20240110_070004.flac,2906.25,6140.625,4125,0.1698,1464.6373,1464.5525,1464.7222,Syllable,,S04
146,Spectrogram 1,1,1464.758914,1464.946767,2747,6653.9,S1123KIP1_048K_S04_S7112_20240110_070004.flac,264.6309,C:\Users\HNG9\Box\NTRES6150\Problem Sets\PS4\Kipuka\S04_K1Y\S1123KIP1_S04_S7112\S1123KIP1_048K_S04_S7112_20240110_070004.flac,2859.375,6375,4125,0.1698,1464.8536,1464.7687,1464.9384,Syllable,,S04
147,Spectrogram 1,1,1464.974944,1465.162797,2869.1,6226.6,S1123KIP1_048K_S04_S7112_20240110_070004.flac,264.8469,C:\Users\HNG9\Box\NTRES6150\Problem Sets\PS4\Kipuka\S04_K1Y\S1123KIP1_S04_S7112\S1123KIP1_048K_S04_S7112_20240110_070004.flac,3000,5906.25,4125,0.1698,1465.0698,1464.9849,1465.1547,Syllable,,S04
148,Spectrogram 1,1,1465.190974,1465.341256,2808.1,6409.7,S1123KIP1_048K_S04_S7112_20240110_070004.flac,265.063,C:\Users\HNG9\Box\NTRES6150\Problem Sets\PS4\Kipuka\S04_K1Y\S1123KIP1_S04_S7112\S1123KIP1_048K_S04_S7112_20240110_070004.flac,2906.25,6093.75,4125,0.1374,1465.2638,1465.1971,1465.3345,Syllable,,S04
149,Spectrogram 1,1,1465.397612,1465.594856,2808.1,6592.9,S1123KIP1_048K_S04_S7112_20240110_070004.flac,265.2696,C:\Users\HNG9\Box\NTRES6150\Problem Sets\PS4\Kipuka\S04_K1Y\S1123KIP1_S04_S7112\S1123KIP1_048K_S04_S7112_20240110_070004.flac,2906.25,6328.125,4125,0.1758,1465.4962,1465.4073,1465.5831,Syllable,,S04
48,Spectrogram 1,1,710.5698009,710.5698009,3418.5,3418.5,S1123KIP1_048K_S04_S7112_20240109_070004.flac,110.5058,C:\Users\HNG9\Box\NTRES6150\Problem Sets\PS4\Kipuka\S04_K1Y\S1123KIP1_S04_S7112\S1123KIP1_048K_S04_S7112_20240109_070004.flac,3421.875,3421.875,3421.875,0,710.5694,710.5694,710.5694,,,S04
