Selection,View,Channel,Begin Time (s),End Time (s),Low Freq (Hz),High Freq (Hz),Begin File,File Offset (s),Begin Path,Freq 5% (Hz),Freq 95% (Hz),Peak Freq (Hz),Dur 90% (s),Center Time (s),Time 5% (s),Time 95% (s),Type,Syllables p Song,Site
1,Spectrogram 1,1,3853.797741,3856.070752,2360.6,6252.3,S1123KIP1_048K_S02_S7106_20240114_070004.flac,253.4137,C:\Users\HNG9\Box\NTRES6150\Problem Sets\PS4\Kipuka\S02_K2\S1123KIP1_S02_S7106\S1123KIP1_048K_S02_S7106_20240114_070004.flac,2578.125,5437.5,4171.875,1.9501,3855.0164,3854.0181,3855.9682,Song,8,S02
2,Spectrogram 1,1,3892.391967,3894.655585,2743.4,6316.1,S1123KIP1_048K_S02_S7106_20240114_070004.flac,292.008,C:\Users\HNG9\Box\NTRES6150\Problem Sets\PS4\Kipuka\S02_K2\S1123KIP1_S02_S7106\S1123KIP1_048K_S02_S7106_20240114_070004.flac,3000,5671.875,4171.875,1.9279,3893.6366,3892.6039,3894.5318,Song,8,S02
20,Spectrogram 1,1,3141.640569,3142.946141,2743.4,6379.9,S1123KIP1_048K_S02_S7106_20240113_070004.flac,141.3206,C:\Users\HNG9\Box\NTRES6150\Problem Sets\PS4\Kipuka\S02_K2\S1123KIP1_S02_S7106\S1123KIP1_048K_S02_S7106_20240113_070004.flac,2812.5,5812.5,3187.5,1.1539,3142.7111,3141.7532,3142.9071,Song,3,S02
24,Spectrogram 1,1,3370.425795,3372.097679,2296.8,6635.1,S1123KIP1_048K_S02_S7106_20240113_070004.flac,370.1058,C:\Users\HNG9\Box\NTRES6150\Problem Sets\PS4\Kipuka\S02_K2\S1123KIP1_S02_S7106\S1123KIP1_048K_S02_S7106_20240113_070004.flac,2437.5,5953.125,3187.5,1.3701,3371.5381,3370.5459,3371.916,Song,5,S02
25,Spectrogram 1,1,3374.774572,3376.258604,2041.6,6252.3,S1123KIP1_048K_S02_S7106_20240113_070004.flac,374.4546,C:\Users\HNG9\Box\NTRES6150\Problem Sets\PS4\Kipuka\S02_K2\S1123KIP1_S02_S7106\S1123KIP1_048K_S02_S7106_20240113_070004.flac,2343.75,5531.25,3187.5,1.261,3375.8627,3374.8887,3376.1497,Song,5,S02
26,Spectrogram 1,1,3381.959917,3383.584838,2552,6124.7,S1123KIP1_048K_S02_S7106_20240113_070004.flac,381.6399,C:\Users\HNG9\Box\NTRES6150\Problem Sets\PS4\Kipuka\S02_K2\S1123KIP1_S02_S7106\S1123KIP1_048K_S02_S7106_20240113_070004.flac,2671.875,5531.25,3187.5,1.3236,3383.0872,3382.0808,3383.4044,Song,5,S02
42,Spectrogram 1,1,122.5078263,124.1139623,2360.6,6571.3,S1123KIP1_048K_S02_S7106_20240108_070004.flac,122.5078,C:\Users\HNG9\Box\NTRES6150\Problem Sets\PS4\Kipuka\S02_K2\S1123KIP1_S02_S7106\S1123KIP1_048K_S02_S7106_20240108_070004.flac,2437.5,5250,3421.875,1.1296,123.7093,122.9495,124.0792,Song,4,S02
43,Spectrogram 1,1,131.2805221,133.1214732,2424.4,6635.1,S1123KIP1_048K_S02_S7106_20240108_070004.flac,131.2805,C:\Users\HNG9\Box\NTRES6150\Problem Sets\PS4\Kipuka\S02_K2\S1123KIP1_S02_S7106\S1123KIP1_048K_S02_S7106_20240108_070004.flac,2531.25,5296.875,3421.875,1.1943,132.6637,131.8432,133.0375,Song,6,S02
44,Spectrogram 1,1,139.283024,141.0394417,2552,6443.7,S1123KIP1_048K_S02_S7106_20240108_070004.flac,139.283,C:\Users\HNG9\Box\NTRES6150\Problem Sets\PS4\Kipuka\S02_K2\S1123KIP1_S02_S7106\S1123KIP1_048K_S02_S7106_20240108_070004.flac,2906.25,5296.875,3421.875,1.1539,140.6702,139.8255,140.9794,Song,5,S02
61,Spectrogram 1,1,1350.50719,1353.512825,2233,6507.5,S1123KIP1_048K_S02_S7106_20240110_070004.flac,150.3792,C:\Users\HNG9\Box\NTRES6150\Problem Sets\PS4\Kipuka\S02_K2\S1123KIP1_S02_S7106\S1123KIP1_048K_S02_S7106_20240110_070004.flac,2437.5,4875,2906.25,2.811,1351.9415,1350.5896,1353.4006,Song,10,S02
72,Spectrogram 1,1,3829.59848,3831.693032,2296.8,6890.3,S1123KIP1_048K_S02_S7106_20240114_070004.flac,229.2145,C:\Users\HNG9\Box\NTRES6150\Problem Sets\PS4\Kipuka\S02_K2\S1123KIP1_S02_S7106\S1123KIP1_048K_S02_S7106_20240114_070004.flac,2578.125,5953.125,4171.875,1.6349,3830.8028,3829.8065,3831.4414,Song,6,S02
79,Spectrogram 1,1,3229.185205,3230.50017,2488.2,6316.1,S1123KIP1_048K_S02_S7106_20240113_070004.flac,228.8652,C:\Users\HNG9\Box\NTRES6150\Problem Sets\PS4\Kipuka\S02_K2\S1123KIP1_S02_S7106\S1123KIP1_048K_S02_S7106_20240113_070004.flac,2671.875,5625,3187.5,1.1721,3230.2576,3229.2977,3230.4698,Song,4,S02
80,Spectrogram 1,1,3214.842693,3216.683644,2233,6507.5,S1123KIP1_048K_S02_S7106_20240113_070004.flac,214.5227,C:\Users\HNG9\Box\NTRES6150\Problem Sets\PS4\Kipuka\S02_K2\S1123KIP1_S02_S7106\S1123KIP1_048K_S02_S7106_20240113_070004.flac,2437.5,5812.5,3187.5,1.6732,3215.9824,3214.97,3216.6433,Song,6,S02
91,Spectrogram 1,1,552.8303024,554.4270457,2233,6826.5,S1123KIP1_048K_S02_S7106_20240108_070004.flac,552.8303,C:\Users\HNG9\Box\NTRES6150\Problem Sets\PS4\Kipuka\S02_K2\S1123KIP1_S02_S7106\S1123KIP1_048K_S02_S7106_20240108_070004.flac,2343.75,5250,3421.875,1.1115,554.0135,553.2658,554.3772,Song,5,S02
97,Spectrogram 1,1,577.917958,579.524094,1977.8,6635.1,S1123KIP1_048K_S02_S7106_20240108_070004.flac,577.918,C:\Users\HNG9\Box\NTRES6150\Problem Sets\PS4\Kipuka\S02_K2\S1123KIP1_S02_S7106\S1123KIP1_048K_S02_S7106_20240108_070004.flac,2343.75,5203.125,3421.875,1.1296,579.1041,578.3504,579.48,Song,5,S02
103,Spectrogram 1,1,977.1884724,979.113957,1850.2,6571.3,S1123KIP1_048K_S02_S7106_20240109_070004.flac,377.1245,C:\Users\HNG9\Box\NTRES6150\Problem Sets\PS4\Kipuka\S02_K2\S1123KIP1_S02_S7106\S1123KIP1_048K_S02_S7106_20240109_070004.flac,2203.125,6187.5,2906.25,1.8127,978.0954,977.277,979.0897,Song,7,S02
111,Spectrogram 1,1,1729.536614,1731.415136,2169.2,6762.7,S1123KIP1_048K_S02_S7106_20240110_070004.flac,529.4086,C:\Users\HNG9\Box\NTRES6150\Problem Sets\PS4\Kipuka\S02_K2\S1123KIP1_S02_S7106\S1123KIP1_048K_S02_S7106_20240110_070004.flac,2437.5,5062.5,2906.25,1.645,1730.5588,1729.5666,1731.2115,Song,6,S02
112,Spectrogram 1,1,1734.974934,1737.276123,2360.6,6890.3,S1123KIP1_048K_S02_S7106_20240110_070004.flac,534.8469,C:\Users\HNG9\Box\NTRES6150\Problem Sets\PS4\Kipuka\S02_K2\S1123KIP1_S02_S7106\S1123KIP1_048K_S02_S7106_20240110_070004.flac,2484.375,5156.25,2906.25,2.1279,1736.1525,1735.0087,1737.1366,Song,6,S02
125,Spectrogram 1,1,0.225422589,2.319974147,2743.4,6698.9,S1123KIP1_048K_S02_S7106_20240108_070004.flac,0.2254,C:\Users\HNG9\Box\NTRES6150\Problem Sets\PS4\Kipuka\S02_K2\S1123KIP1_S02_S7106\S1123KIP1_048K_S02_S7106_20240108_070004.flac,3000,5296.875,3421.875,1.3075,1.6874,0.8548,2.1623,Song,7,S02
126,Spectrogram 1,1,46.56854989,48.20286366,2360.6,7336.9,S1123KIP1_048K_S02_S7106_20240108_070004.flac,46.5685,C:\Users\HNG9\Box\NTRES6150\Problem Sets\PS4\Kipuka\S02_K2\S1123KIP1_S02_S7106\S1123KIP1_048K_S02_S7106_20240108_070004.flac,2484.375,5296.875,3421.875,1.166,47.7907,47.0127,48.1787,Song,4,S02
3,Spectrogram 1,1,3853.816526,3854.079519,2615.8,5805.7,S1123KIP1_048K_S02_S7106_20240114_070004.flac,253.4325,C:\Users\HNG9\Box\NTRES6150\Problem Sets\PS4\Kipuka\S02_K2\S1123KIP1_S02_S7106\S1123KIP1_048K_S02_S7106_20240114_070004.flac,2765.625,5437.5,3750,0.2284,3853.9919,3853.8363,3854.0646,Syllable,,S02
4,Spectrogram 1,1,3854.098304,3854.33312,2679.6,6124.7,S1123KIP1_048K_S02_S7106_20240114_070004.flac,253.7143,C:\Users\HNG9\Box\NTRES6150\Problem Sets\PS4\Kipuka\S02_K2\S1123KIP1_S02_S7106\S1123KIP1_048K_S02_S7106_20240114_070004.flac,2859.375,5718.75,3750,0.2102,3854.2667,3854.1151,3854.3253,Syllable,,S02
5,Spectrogram 1,1,3854.323727,3854.58672,2424.4,6124.7,S1123KIP1_048K_S02_S7106_20240114_070004.flac,253.9397,C:\Users\HNG9\Box\NTRES6150\Problem Sets\PS4\Kipuka\S02_K2\S1123KIP1_S02_S7106\S1123KIP1_048K_S02_S7106_20240114_070004.flac,2484.375,5671.875,3750,0.2263,3854.4971,3854.3455,3854.5718,Syllable,,S02
6,Spectrogram 1,1,3854.577327,3854.830928,2360.6,6060.9,S1123KIP1_048K_S02_S7106_20240114_070004.flac,254.1933,C:\Users\HNG9\Box\NTRES6150\Problem Sets\PS4\Kipuka\S02_K2\S1123KIP1_S02_S7106\S1123KIP1_048K_S02_S7106_20240114_070004.flac,2437.5,5625,3750,0.2203,3854.7497,3854.5981,3854.8184,Syllable,,S02
7,Spectrogram 1,1,3854.830928,3855.075136,2615.8,6124.7,S1123KIP1_048K_S02_S7106_20240114_070004.flac,254.4469,C:\Users\HNG9\Box\NTRES6150\Problem Sets\PS4\Kipuka\S02_K2\S1123KIP1_S02_S7106\S1123KIP1_048K_S02_S7106_20240114_070004.flac,2765.625,5718.75,3750,0.2162,3855.0023,3854.8507,3855.0669,Syllable,,S02
8,Spectrogram 1,1,3855.084528,3855.347521,2552,6188.5,S1123KIP1_048K_S02_S7106_20240114_070004.flac,254.7005,C:\Users\HNG9\Box\NTRES6150\Problem Sets\PS4\Kipuka\S02_K2\S1123KIP1_S02_S7106\S1123KIP1_048K_S02_S7106_20240114_070004.flac,2671.875,5812.5,3750,0.2284,3855.2569,3855.1033,3855.3317,Syllable,,S02
9,Spectrogram 1,1,3855.356914,3855.601122,2552,6188.5,S1123KIP1_048K_S02_S7106_20240114_070004.flac,254.9729,C:\Users\HNG9\Box\NTRES6150\Problem Sets\PS4\Kipuka\S02_K2\S1123KIP1_S02_S7106\S1123KIP1_048K_S02_S7106_20240114_070004.flac,2671.875,5812.5,3750,0.2162,3855.5257,3855.3761,3855.5924,Syllable,,S02
10,Spectrogram 1,1,3855.610514,3855.854722,2615.8,6124.7,S1123KIP1_048K_S02_S7106_20240114_070004.flac,255.2265,C:\Users\HNG9\Box\NTRES6150\Problem Sets\PS4\Kipuka\S02_K2\S1123KIP1_S02_S7106\S1123KIP1_048K_S02_S7106_20240114_070004.flac,2765.625,5718.75,3750,0.2162,3855.7803,3855.6287,3855.845,Syllable,,S02
11,Spectrogram 1,1,3892.43893,3892.673745,2871,6124.7,S1123KIP1_048K_S02_S7106_20240114_070004.flac,292.0549,C:\Users\HNG9\Box\NTRES6150\Problem Sets\PS4\Kipuka\S02_K2\S1123KIP1_S02_S7106\S1123KIP1_048K_S02_S7106_20240114_070004.flac,3046.875,5765.625,3750,0.2102,3892.608,3892.4564,3892.6666,Syllable,,S02
12,Spectrogram 1,1,3892.683138,3892.90856,2871,6124.7,S1123KIP1_048K_S02_S7106_20240114_070004.flac,292.2991,C:\Users\HNG9\Box\NTRES6150\Problem Sets\PS4\Kipuka\S02_K2\S1123KIP1_S02_S7106\S1123KIP1_048K_S02_S7106_20240114_070004.flac,3046.875,5765.625,3750,0.2001,3892.8505,3892.6989,3892.899,Syllable,,S02
13,Spectrogram 1,1,3892.917953,3893.180946,2807.2,6124.7,S1123KIP1_048K_S02_S7106_20240114_070004.flac,292.534,C:\Users\HNG9\Box\NTRES6150\Problem Sets\PS4\Kipuka\S02_K2\S1123KIP1_S02_S7106\S1123KIP1_048K_S02_S7106_20240114_070004.flac,2953.125,5718.75,3750,0.2284,3893.095,3892.9374,3893.1657,Syllable,,S02
14,Spectrogram 1,1,3893.190338,3893.434546,2743.4,6316.1,S1123KIP1_048K_S02_S7106_20240114_070004.flac,292.8063,C:\Users\HNG9\Box\NTRES6150\Problem Sets\PS4\Kipuka\S02_K2\S1123KIP1_S02_S7106\S1123KIP1_048K_S02_S7106_20240114_070004.flac,2906.25,5953.125,3750,0.2162,3893.3617,3893.2102,3893.4264,Syllable,,S02
15,Spectrogram 1,1,3893.425154,3893.678754,2871,6316.1,S1123KIP1_048K_S02_S7106_20240114_070004.flac,293.0411,C:\Users\HNG9\Box\NTRES6150\Problem Sets\PS4\Kipuka\S02_K2\S1123KIP1_S02_S7106\S1123KIP1_048K_S02_S7106_20240114_070004.flac,3046.875,5953.125,3750,0.2223,3893.5982,3893.4446,3893.6669,Syllable,,S02
16,Spectrogram 1,1,3893.688147,3893.932354,2998.6,6379.9,S1123KIP1_048K_S02_S7106_20240114_070004.flac,293.3041,C:\Users\HNG9\Box\NTRES6150\Problem Sets\PS4\Kipuka\S02_K2\S1123KIP1_S02_S7106\S1123KIP1_048K_S02_S7106_20240114_070004.flac,3140.625,6046.875,3750,0.2182,3893.8589,3893.7053,3893.9235,Syllable,,S02
17,Spectrogram 1,1,3893.922962,3894.20474,2743.4,6252.3,S1123KIP1_048K_S02_S7106_20240114_070004.flac,293.539,C:\Users\HNG9\Box\NTRES6150\Problem Sets\PS4\Kipuka\S02_K2\S1123KIP1_S02_S7106\S1123KIP1_048K_S02_S7106_20240114_070004.flac,2906.25,5906.25,3750,0.2465,3894.1054,3893.9437,3894.1903,Syllable,,S02
18,Spectrogram 1,1,3894.214133,3894.486518,2871,6252.3,S1123KIP1_048K_S02_S7106_20240114_070004.flac,293.8301,C:\Users\HNG9\Box\NTRES6150\Problem Sets\PS4\Kipuka\S02_K2\S1123KIP1_S02_S7106\S1123KIP1_048K_S02_S7106_20240114_070004.flac,3046.875,5953.125,3750,0.2364,3894.3924,3894.2327,3894.4692,Syllable,,S02
21,Spectrogram 1,1,3141.847206,3142.138377,2934.8,5933.3,S1123KIP1_048K_S02_S7106_20240113_070004.flac,141.5272,C:\Users\HNG9\Box\NTRES6150\Problem Sets\PS4\Kipuka\S02_K2\S1123KIP1_S02_S7106\S1123KIP1_048K_S02_S7106_20240113_070004.flac,3093.75,5578.125,4500,0.2546,3141.9917,3141.8643,3142.119,Syllable,,S02
22,Spectrogram 1,1,3142.128984,3142.363799,2807.2,5741.9,S1123KIP1_048K_S02_S7106_20240113_070004.flac,141.809,C:\Users\HNG9\Box\NTRES6150\Problem Sets\PS4\Kipuka\S02_K2\S1123KIP1_S02_S7106\S1123KIP1_048K_S02_S7106_20240113_070004.flac,2953.125,5343.75,4500,0.2061,3142.2584,3142.1432,3142.3493,Syllable,,S02
23,Spectrogram 1,1,3142.335622,3142.636185,2743.4,5869.5,S1123KIP1_048K_S02_S7106_20240113_070004.flac,142.0156,C:\Users\HNG9\Box\NTRES6150\Problem Sets\PS4\Kipuka\S02_K2\S1123KIP1_S02_S7106\S1123KIP1_048K_S02_S7106_20240113_070004.flac,2859.375,5531.25,4500,0.2688,3142.4827,3142.3534,3142.6222,Syllable,,S02
27,Spectrogram 1,1,3370.594862,3370.857855,2743.4,6188.5,S1123KIP1_048K_S02_S7106_20240113_070004.flac,370.2749,C:\Users\HNG9\Box\NTRES6150\Problem Sets\PS4\Kipuka\S02_K2\S1123KIP1_S02_S7106\S1123KIP1_048K_S02_S7106_20240113_070004.flac,2906.25,5765.625,4500,0.2304,3370.7318,3370.6106,3370.8409,Syllable,,S02
28,Spectrogram 1,1,3370.848462,3371.09267,2552,6124.7,S1123KIP1_048K_S02_S7106_20240113_070004.flac,370.5285,C:\Users\HNG9\Box\NTRES6150\Problem Sets\PS4\Kipuka\S02_K2\S1123KIP1_S02_S7106\S1123KIP1_048K_S02_S7106_20240113_070004.flac,2671.875,5625,4500,0.2122,3370.9783,3370.8632,3371.0753,Syllable,,S02
29,Spectrogram 1,1,3371.102063,3371.355663,2488.2,6252.3,S1123KIP1_048K_S02_S7106_20240113_070004.flac,370.7821,C:\Users\HNG9\Box\NTRES6150\Problem Sets\PS4\Kipuka\S02_K2\S1123KIP1_S02_S7106\S1123KIP1_048K_S02_S7106_20240113_070004.flac,2625,5718.75,4500,0.2243,3371.237,3371.1178,3371.3421,Syllable,,S02
30,Spectrogram 1,1,3371.581086,3371.881649,2552,5997.1,S1123KIP1_048K_S02_S7106_20240113_070004.flac,371.2611,C:\Users\HNG9\Box\NTRES6150\Problem Sets\PS4\Kipuka\S02_K2\S1123KIP1_S02_S7106\S1123KIP1_048K_S02_S7106_20240113_070004.flac,2625,5531.25,4500,0.2708,3371.7281,3371.5987,3371.8695,Syllable,,S02
31,Spectrogram 1,1,3371.355663,3371.590478,2488.2,6316.1,S1123KIP1_048K_S02_S7106_20240113_070004.flac,371.0357,C:\Users\HNG9\Box\NTRES6150\Problem Sets\PS4\Kipuka\S02_K2\S1123KIP1_S02_S7106\S1123KIP1_048K_S02_S7106_20240113_070004.flac,2625,5765.625,4500,0.2061,3371.4836,3371.3684,3371.5745,Syllable,,S02
32,Spectrogram 1,1,3375.45084,3375.685655,2233,5997.1,S1123KIP1_048K_S02_S7106_20240113_070004.flac,375.1308,C:\Users\HNG9\Box\NTRES6150\Problem Sets\PS4\Kipuka\S02_K2\S1123KIP1_S02_S7106\S1123KIP1_048K_S02_S7106_20240113_070004.flac,2437.5,5484.375,4500,0.2061,3375.5778,3375.4646,3375.6707,Syllable,,S02
33,Spectrogram 1,1,3375.695048,3375.92047,2105.4,6379.9,S1123KIP1_048K_S02_S7106_20240113_070004.flac,375.375,C:\Users\HNG9\Box\NTRES6150\Problem Sets\PS4\Kipuka\S02_K2\S1123KIP1_S02_S7106\S1123KIP1_048K_S02_S7106_20240113_070004.flac,2343.75,5812.5,4500,0.198,3375.8162,3375.7091,3375.9072,Syllable,,S02
34,Spectrogram 1,1,3375.216025,3375.469625,2296.8,5933.3,S1123KIP1_048K_S02_S7106_20240113_070004.flac,374.896,C:\Users\HNG9\Box\NTRES6150\Problem Sets\PS4\Kipuka\S02_K2\S1123KIP1_S02_S7106\S1123KIP1_048K_S02_S7106_20240113_070004.flac,2390.625,5437.5,4500,0.2304,3375.3555,3375.2302,3375.4606,Syllable,,S02
35,Spectrogram 1,1,3375.01878,3375.23481,2296.8,6124.7,S1123KIP1_048K_S02_S7106_20240113_070004.flac,374.6988,C:\Users\HNG9\Box\NTRES6150\Problem Sets\PS4\Kipuka\S02_K2\S1123KIP1_S02_S7106\S1123KIP1_048K_S02_S7106_20240113_070004.flac,2484.375,5578.125,4500,0.192,3375.1392,3375.0321,3375.2241,Syllable,,S02
36,Spectrogram 1,1,3374.774572,3375.01878,2360.6,5869.5,S1123KIP1_048K_S02_S7106_20240113_070004.flac,374.4546,C:\Users\HNG9\Box\NTRES6150\Problem Sets\PS4\Kipuka\S02_K2\S1123KIP1_S02_S7106\S1123KIP1_048K_S02_S7106_20240113_070004.flac,2437.5,5390.625,4500,0.2223,3374.9089,3374.7896,3375.0119,Syllable,,S02
37,Spectrogram 1,1,3383.133993,3383.378201,2615.8,6060.9,S1123KIP1_048K_S02_S7106_20240113_070004.flac,382.814,C:\Users\HNG9\Box\NTRES6150\Problem Sets\PS4\Kipuka\S02_K2\S1123KIP1_S02_S7106\S1123KIP1_048K_S02_S7106_20240113_070004.flac,2671.875,5625,4500,0.2122,3383.265,3383.1498,3383.362,Syllable,,S02
38,Spectrogram 1,1,3382.814645,3383.143386,2615.8,6188.5,S1123KIP1_048K_S02_S7106_20240113_070004.flac,382.4946,C:\Users\HNG9\Box\NTRES6150\Problem Sets\PS4\Kipuka\S02_K2\S1123KIP1_S02_S7106\S1123KIP1_048K_S02_S7106_20240113_070004.flac,2671.875,5718.75,4500,0.289,3382.9679,3382.8326,3383.1215,Syllable,,S02
39,Spectrogram 1,1,3382.561044,3382.842822,2488.2,6188.5,S1123KIP1_048K_S02_S7106_20240113_070004.flac,382.241,C:\Users\HNG9\Box\NTRES6150\Problem Sets\PS4\Kipuka\S02_K2\S1123KIP1_S02_S7106\S1123KIP1_048K_S02_S7106_20240113_070004.flac,2625,5671.875,4500,0.2506,3382.7032,3382.5759,3382.8265,Syllable,,S02
40,Spectrogram 1,1,3382.316836,3382.589222,2743.4,5486.7,S1123KIP1_048K_S02_S7106_20240113_070004.flac,381.9968,C:\Users\HNG9\Box\NTRES6150\Problem Sets\PS4\Kipuka\S02_K2\S1123KIP1_S02_S7106\S1123KIP1_048K_S02_S7106_20240113_070004.flac,2859.375,5156.25,4500,0.2385,3382.4567,3382.3334,3382.5719,Syllable,,S02
41,Spectrogram 1,1,3382.044451,3382.345014,2807.2,5231.5,S1123KIP1_048K_S02_S7106_20240113_070004.flac,381.7245,C:\Users\HNG9\Box\NTRES6150\Problem Sets\PS4\Kipuka\S02_K2\S1123KIP1_S02_S7106\S1123KIP1_048K_S02_S7106_20240113_070004.flac,2906.25,4921.875,4500,0.2668,3382.1919,3382.0646,3382.3314,Syllable,,S02
45,Spectrogram 1,1,140.4571,140.7107004,2615.8,5997.1,S1123KIP1_048K_S02_S7106_20240108_070004.flac,140.4571,C:\Users\HNG9\Box\NTRES6150\Problem Sets\PS4\Kipuka\S02_K2\S1123KIP1_S02_S7106\S1123KIP1_048K_S02_S7106_20240108_070004.flac,2718.75,5671.875,3000,0.2284,140.5954,140.4701,140.6985,Syllable,,S02
46,Spectrogram 1,1,139.9592918,140.2222848,2552,5805.7,S1123KIP1_048K_S02_S7106_20240108_070004.flac,139.9593,C:\Users\HNG9\Box\NTRES6150\Problem Sets\PS4\Kipuka\S02_K2\S1123KIP1_S02_S7106\S1123KIP1_048K_S02_S7106_20240108_070004.flac,2718.75,5531.25,3000,0.2364,140.1044,139.973,140.2094,Syllable,,S02
47,Spectrogram 1,1,140.2316774,140.4664926,2743.4,6124.7,S1123KIP1_048K_S02_S7106_20240108_070004.flac,140.2317,C:\Users\HNG9\Box\NTRES6150\Problem Sets\PS4\Kipuka\S02_K2\S1123KIP1_S02_S7106\S1123KIP1_048K_S02_S7106_20240108_070004.flac,2859.375,5765.625,3000,0.2081,140.361,140.2458,140.454,Syllable,,S02
48,Spectrogram 1,1,139.7244766,139.978077,2679.6,6124.7,S1123KIP1_048K_S02_S7106_20240108_070004.flac,139.7245,C:\Users\HNG9\Box\NTRES6150\Problem Sets\PS4\Kipuka\S02_K2\S1123KIP1_S02_S7106\S1123KIP1_048K_S02_S7106_20240108_070004.flac,2765.625,5765.625,3000,0.2263,139.8639,139.7386,139.9649,Syllable,,S02
49,Spectrogram 1,1,139.4708761,139.7338692,2552,6060.9,S1123KIP1_048K_S02_S7106_20240108_070004.flac,139.4709,C:\Users\HNG9\Box\NTRES6150\Problem Sets\PS4\Kipuka\S02_K2\S1123KIP1_S02_S7106\S1123KIP1_048K_S02_S7106_20240108_070004.flac,2718.75,5718.75,3000,0.2364,139.6153,139.484,139.7204,Syllable,,S02
50,Spectrogram 1,1,131.3086999,131.6092633,2871,5869.5,S1123KIP1_048K_S02_S7106_20240108_070004.flac,131.3087,C:\Users\HNG9\Box\NTRES6150\Problem Sets\PS4\Kipuka\S02_K2\S1123KIP1_S02_S7106\S1123KIP1_048K_S02_S7106_20240108_070004.flac,3000,5625,3000,0.2769,131.4794,131.3238,131.6007,Syllable,,S02
51,Spectrogram 1,1,131.5998707,131.8534712,2871,5741.9,S1123KIP1_048K_S02_S7106_20240108_070004.flac,131.5999,C:\Users\HNG9\Box\NTRES6150\Problem Sets\PS4\Kipuka\S02_K2\S1123KIP1_S02_S7106\S1123KIP1_048K_S02_S7106_20240108_070004.flac,3000,5531.25,3000,0.2263,131.7442,131.6128,131.8392,Syllable,,S02
52,Spectrogram 1,1,131.8346859,132.1070716,2679.6,5869.5,S1123KIP1_048K_S02_S7106_20240108_070004.flac,131.8347,C:\Users\HNG9\Box\NTRES6150\Problem Sets\PS4\Kipuka\S02_K2\S1123KIP1_S02_S7106\S1123KIP1_048K_S02_S7106_20240108_070004.flac,2765.625,5625,3000,0.2425,131.9826,131.8472,132.0897,Syllable,,S02
53,Spectrogram 1,1,132.0788937,132.3418868,2488.2,5741.9,S1123KIP1_048K_S02_S7106_20240108_070004.flac,132.0789,C:\Users\HNG9\Box\NTRES6150\Problem Sets\PS4\Kipuka\S02_K2\S1123KIP1_S02_S7106\S1123KIP1_048K_S02_S7106_20240108_070004.flac,2625,5484.375,3000,0.2364,132.2231,132.0918,132.3282,Syllable,,S02
54,Spectrogram 1,1,132.2949237,132.5954872,2488.2,5997.1,S1123KIP1_048K_S02_S7106_20240108_070004.flac,132.2949,C:\Users\HNG9\Box\NTRES6150\Problem Sets\PS4\Kipuka\S02_K2\S1123KIP1_S02_S7106\S1123KIP1_048K_S02_S7106_20240108_070004.flac,2625,5625,2765.625,0.2748,132.4656,132.312,132.5869,Syllable,,S02
55,Spectrogram 1,1,132.5673094,132.8584802,2615.8,6316.1,S1123KIP1_048K_S02_S7106_20240108_070004.flac,132.5673,C:\Users\HNG9\Box\NTRES6150\Problem Sets\PS4\Kipuka\S02_K2\S1123KIP1_S02_S7106\S1123KIP1_048K_S02_S7106_20240108_070004.flac,2718.75,5906.25,2765.625,0.2688,132.7303,132.5828,132.8516,Syllable,,S02
56,Spectrogram 1,1,123.6349393,123.9542879,2615.8,6252.3,S1123KIP1_048K_S02_S7106_20240108_070004.flac,123.6349,C:\Users\HNG9\Box\NTRES6150\Problem Sets\PS4\Kipuka\S02_K2\S1123KIP1_S02_S7106\S1123KIP1_048K_S02_S7106_20240108_070004.flac,2718.75,5812.5,2812.5,0.295,123.8205,123.6528,123.9478,Syllable,,S02
57,Spectrogram 1,1,123.4095167,123.6537245,2615.8,6443.7,S1123KIP1_048K_S02_S7106_20240108_070004.flac,123.4095,C:\Users\HNG9\Box\NTRES6150\Problem Sets\PS4\Kipuka\S02_K2\S1123KIP1_S02_S7106\S1123KIP1_048K_S02_S7106_20240108_070004.flac,2765.625,6093.75,3000,0.2162,123.5436,123.4224,123.6386,Syllable,,S02
58,Spectrogram 1,1,123.1747015,123.4376945,2296.8,6316.1,S1123KIP1_048K_S02_S7106_20240108_070004.flac,123.1747,C:\Users\HNG9\Box\NTRES6150\Problem Sets\PS4\Kipuka\S02_K2\S1123KIP1_S02_S7106\S1123KIP1_048K_S02_S7106_20240108_070004.flac,2390.625,5859.375,3000,0.2364,123.3213,123.188,123.4244,Syllable,,S02
59,Spectrogram 1,1,122.8553528,123.1934867,2615.8,6635.1,S1123KIP1_048K_S02_S7106_20240108_070004.flac,122.8554,C:\Users\HNG9\Box\NTRES6150\Problem Sets\PS4\Kipuka\S02_K2\S1123KIP1_S02_S7106\S1123KIP1_048K_S02_S7106_20240108_070004.flac,2765.625,6234.375,2812.5,0.3112,123.0546,122.8747,123.1859,Syllable,,S02
62,Spectrogram 1,1,1350.760791,1350.93925,2360.6,5869.5,S1123KIP1_048K_S02_S7106_20240110_070004.flac,150.6328,C:\Users\HNG9\Box\NTRES6150\Problem Sets\PS4\Kipuka\S02_K2\S1123KIP1_S02_S7106\S1123KIP1_048K_S02_S7106_20240110_070004.flac,2437.5,5062.5,2484.375,0.1556,1350.7977,1350.7634,1350.919,Syllable,,S02
63,Spectrogram 1,1,1351.164673,1351.427666,2041.6,6188.5,S1123KIP1_048K_S02_S7106_20240110_070004.flac,151.0367,C:\Users\HNG9\Box\NTRES6150\Problem Sets\PS4\Kipuka\S02_K2\S1123KIP1_S02_S7106\S1123KIP1_048K_S02_S7106_20240110_070004.flac,2437.5,5109.375,2484.375,0.2425,1351.2262,1351.1676,1351.4101,Syllable,,S02
64,Spectrogram 1,1,1351.681266,1351.953652,2296.8,6252.3,S1123KIP1_048K_S02_S7106_20240110_070004.flac,151.5533,C:\Users\HNG9\Box\NTRES6150\Problem Sets\PS4\Kipuka\S02_K2\S1123KIP1_S02_S7106\S1123KIP1_048K_S02_S7106_20240110_070004.flac,2437.5,5156.25,2484.375,0.2486,1351.7455,1351.6849,1351.9334,Syllable,,S02
65,Spectrogram 1,1,1352.207252,1352.489031,2233,6124.7,S1123KIP1_048K_S02_S7106_20240110_070004.flac,152.0793,C:\Users\HNG9\Box\NTRES6150\Problem Sets\PS4\Kipuka\S02_K2\S1123KIP1_S02_S7106\S1123KIP1_048K_S02_S7106_20240110_070004.flac,2437.5,5156.25,2484.375,0.2546,1352.275,1352.2103,1352.4649,Syllable,,S02
66,Spectrogram 1,1,1352.742631,1352.996231,2169.2,6124.7,S1123KIP1_048K_S02_S7106_20240110_070004.flac,152.6146,C:\Users\HNG9\Box\NTRES6150\Problem Sets\PS4\Kipuka\S02_K2\S1123KIP1_S02_S7106\S1123KIP1_048K_S02_S7106_20240110_070004.flac,2437.5,5109.375,2484.375,0.2304,1352.7984,1352.7458,1352.9762,Syllable,,S02
67,Spectrogram 1,1,1353.005624,1353.268617,2424.4,6188.5,S1123KIP1_048K_S02_S7106_20240110_070004.flac,152.8776,C:\Users\HNG9\Box\NTRES6150\Problem Sets\PS4\Kipuka\S02_K2\S1123KIP1_S02_S7106\S1123KIP1_048K_S02_S7106_20240110_070004.flac,2437.5,5156.25,2484.375,0.2425,1353.0651,1353.0085,1353.251,Syllable,,S02
68,Spectrogram 1,1,1350.920465,1351.15528,2424.4,6252.3,S1123KIP1_048K_S02_S7106_20240110_070004.flac,150.7925,C:\Users\HNG9\Box\NTRES6150\Problem Sets\PS4\Kipuka\S02_K2\S1123KIP1_S02_S7106\S1123KIP1_048K_S02_S7106_20240110_070004.flac,2437.5,5156.25,2484.375,0.2081,1350.9675,1350.923,1351.1312,Syllable,,S02
69,Spectrogram 1,1,1351.427666,1351.700052,2169.2,6316.1,S1123KIP1_048K_S02_S7106_20240110_070004.flac,151.2997,C:\Users\HNG9\Box\NTRES6150\Problem Sets\PS4\Kipuka\S02_K2\S1123KIP1_S02_S7106\S1123KIP1_048K_S02_S7106_20240110_070004.flac,2437.5,5156.25,2484.375,0.2506,1351.4909,1351.4303,1351.6808,Syllable,,S02
70,Spectrogram 1,1,1351.953652,1352.216645,2488.2,6316.1,S1123KIP1_048K_S02_S7106_20240110_070004.flac,151.8256,C:\Users\HNG9\Box\NTRES6150\Problem Sets\PS4\Kipuka\S02_K2\S1123KIP1_S02_S7106\S1123KIP1_048K_S02_S7106_20240110_070004.flac,2531.25,5437.5,2531.25,0.2425,1352.0587,1351.9617,1352.2042,Syllable,,S02
71,Spectrogram 1,1,1352.479638,1352.761416,2360.6,6188.5,S1123KIP1_048K_S02_S7106_20240110_070004.flac,152.3516,C:\Users\HNG9\Box\NTRES6150\Problem Sets\PS4\Kipuka\S02_K2\S1123KIP1_S02_S7106\S1123KIP1_048K_S02_S7106_20240110_070004.flac,2437.5,5156.25,2484.375,0.2546,1352.5478,1352.4831,1352.7377,Syllable,,S02
73,Spectrogram 1,1,3831.214009,3831.458216,2488.2,6124.7,S1123KIP1_048K_S02_S7106_20240114_070004.flac,230.83,C:\Users\HNG9\Box\NTRES6150\Problem Sets\PS4\Kipuka\S02_K2\S1123KIP1_S02_S7106\S1123KIP1_048K_S02_S7106_20240114_070004.flac,2578.125,5671.875,3750,0.2162,3831.3828,3831.2332,3831.4495,Syllable,,S02
74,Spectrogram 1,1,3830.951016,3831.214009,2615.8,6379.9,S1123KIP1_048K_S02_S7106_20240114_070004.flac,230.567,C:\Users\HNG9\Box\NTRES6150\Problem Sets\PS4\Kipuka\S02_K2\S1123KIP1_S02_S7106\S1123KIP1_048K_S02_S7106_20240114_070004.flac,2765.625,6000,3750,0.2284,3831.1241,3830.9705,3831.1989,Syllable,,S02
75,Spectrogram 1,1,3830.688023,3830.969801,2488.2,6571.3,S1123KIP1_048K_S02_S7106_20240114_070004.flac,230.304,C:\Users\HNG9\Box\NTRES6150\Problem Sets\PS4\Kipuka\S02_K2\S1123KIP1_S02_S7106\S1123KIP1_048K_S02_S7106_20240114_070004.flac,2578.125,6140.625,3750,0.2445,3830.8654,3830.7098,3830.9544,Syllable,,S02
76,Spectrogram 1,1,3830.443815,3830.706808,2552,6635.1,S1123KIP1_048K_S02_S7106_20240114_070004.flac,230.0598,C:\Users\HNG9\Box\NTRES6150\Problem Sets\PS4\Kipuka\S02_K2\S1123KIP1_S02_S7106\S1123KIP1_048K_S02_S7106_20240114_070004.flac,2671.875,6234.375,3750,0.2284,3830.6169,3830.4633,3830.6917,Syllable,,S02
77,Spectrogram 1,1,3830.171429,3830.4626,2424.4,6698.9,S1123KIP1_048K_S02_S7106_20240114_070004.flac,229.7874,C:\Users\HNG9\Box\NTRES6150\Problem Sets\PS4\Kipuka\S02_K2\S1123KIP1_S02_S7106\S1123KIP1_048K_S02_S7106_20240114_070004.flac,2484.375,6234.375,3750,0.2506,3830.3501,3830.1925,3830.4431,Syllable,,S02
78,Spectrogram 1,1,3829.927221,3830.190214,2615.8,6316.1,S1123KIP1_048K_S02_S7106_20240114_070004.flac,229.5432,C:\Users\HNG9\Box\NTRES6150\Problem Sets\PS4\Kipuka\S02_K2\S1123KIP1_S02_S7106\S1123KIP1_048K_S02_S7106_20240114_070004.flac,2765.625,5953.125,3750,0.2284,3830.1016,3829.946,3830.1743,Syllable,,S02
81,Spectrogram 1,1,3230.115074,3230.349889,2424.4,6316.1,S1123KIP1_048K_S02_S7106_20240113_070004.flac,229.7951,C:\Users\HNG9\Box\NTRES6150\Problem Sets\PS4\Kipuka\S02_K2\S1123KIP1_S02_S7106\S1123KIP1_048K_S02_S7106_20240113_070004.flac,2578.125,5765.625,4500,0.2061,3230.2414,3230.1283,3230.3344,Syllable,,S02
82,Spectrogram 1,1,3229.852081,3230.115074,2488.2,6316.1,S1123KIP1_048K_S02_S7106_20240113_070004.flac,229.5321,C:\Users\HNG9\Box\NTRES6150\Problem Sets\PS4\Kipuka\S02_K2\S1123KIP1_S02_S7106\S1123KIP1_048K_S02_S7106_20240113_070004.flac,2625,5765.625,4500,0.2324,3229.9909,3229.8676,3230.1,Syllable,,S02
83,Spectrogram 1,1,3229.589087,3229.852081,2615.8,5997.1,S1123KIP1_048K_S02_S7106_20240113_070004.flac,229.2691,C:\Users\HNG9\Box\NTRES6150\Problem Sets\PS4\Kipuka\S02_K2\S1123KIP1_S02_S7106\S1123KIP1_048K_S02_S7106_20240113_070004.flac,2671.875,5531.25,4500,0.2324,3229.7261,3229.6049,3229.8373,Syllable,,S02
84,Spectrogram 1,1,3229.354272,3229.607873,2424.4,6252.3,S1123KIP1_048K_S02_S7106_20240113_070004.flac,229.0343,C:\Users\HNG9\Box\NTRES6150\Problem Sets\PS4\Kipuka\S02_K2\S1123KIP1_S02_S7106\S1123KIP1_048K_S02_S7106_20240113_070004.flac,2484.375,5671.875,4500,0.2284,3229.4917,3229.3684,3229.5968,Syllable,,S02
85,Spectrogram 1,1,3214.983582,3215.237183,2615.8,6124.7,S1123KIP1_048K_S02_S7106_20240113_070004.flac,214.6636,C:\Users\HNG9\Box\NTRES6150\Problem Sets\PS4\Kipuka\S02_K2\S1123KIP1_S02_S7106\S1123KIP1_048K_S02_S7106_20240113_070004.flac,2671.875,5625,4500,0.2263,3215.1175,3214.9983,3215.2246,Syllable,,S02
86,Spectrogram 1,1,3216.214014,3216.486399,2615.8,6379.9,S1123KIP1_048K_S02_S7106_20240113_070004.flac,215.894,C:\Users\HNG9\Box\NTRES6150\Problem Sets\PS4\Kipuka\S02_K2\S1123KIP1_S02_S7106\S1123KIP1_048K_S02_S7106_20240113_070004.flac,2671.875,5906.25,4500,0.2405,3216.3523,3216.229,3216.4695,Syllable,,S02
87,Spectrogram 1,1,3215.979199,3216.223406,2360.6,6379.9,S1123KIP1_048K_S02_S7106_20240113_070004.flac,215.6592,C:\Users\HNG9\Box\NTRES6150\Problem Sets\PS4\Kipuka\S02_K2\S1123KIP1_S02_S7106\S1123KIP1_048K_S02_S7106_20240113_070004.flac,2437.5,5812.5,4500,0.2223,3216.1138,3215.9946,3216.2169,Syllable,,S02
88,Spectrogram 1,1,3215.725598,3215.988591,2552,5805.7,S1123KIP1_048K_S02_S7106_20240113_070004.flac,215.4056,C:\Users\HNG9\Box\NTRES6150\Problem Sets\PS4\Kipuka\S02_K2\S1123KIP1_S02_S7106\S1123KIP1_048K_S02_S7106_20240113_070004.flac,2625,5390.625,4500,0.2324,3215.8632,3215.7399,3215.9723,Syllable,,S02
89,Spectrogram 1,1,3215.490783,3215.744383,2360.6,6379.9,S1123KIP1_048K_S02_S7106_20240113_070004.flac,215.1708,C:\Users\HNG9\Box\NTRES6150\Problem Sets\PS4\Kipuka\S02_K2\S1123KIP1_S02_S7106\S1123KIP1_048K_S02_S7106_20240113_070004.flac,2437.5,5812.5,4500,0.2304,3215.6308,3215.5055,3215.7359,Syllable,,S02
90,Spectrogram 1,1,3215.218397,3215.490783,2488.2,5933.3,S1123KIP1_048K_S02_S7106_20240113_070004.flac,214.8984,C:\Users\HNG9\Box\NTRES6150\Problem Sets\PS4\Kipuka\S02_K2\S1123KIP1_S02_S7106\S1123KIP1_048K_S02_S7106_20240113_070004.flac,2625,5484.375,4500,0.2405,3215.358,3215.2327,3215.4732,Syllable,,S02
92,Spectrogram 1,1,554.013771,554.276764,2424.4,6252.3,S1123KIP1_048K_S02_S7106_20240108_070004.flac,554.0138,C:\Users\HNG9\Box\NTRES6150\Problem Sets\PS4\Kipuka\S02_K2\S1123KIP1_S02_S7106\S1123KIP1_048K_S02_S7106_20240108_070004.flac,2531.25,5859.375,3000,0.2364,554.161,554.0276,554.2641,Syllable,,S02
93,Spectrogram 1,1,553.4314293,553.7507779,2169.2,6571.3,S1123KIP1_048K_S02_S7106_20240108_070004.flac,553.4314,C:\Users\HNG9\Box\NTRES6150\Problem Sets\PS4\Kipuka\S02_K2\S1123KIP1_S02_S7106\S1123KIP1_048K_S02_S7106_20240108_070004.flac,2343.75,6140.625,2812.5,0.2971,553.6133,553.4456,553.7427,Syllable,,S02
94,Spectrogram 1,1,553.7319927,554.013771,2488.2,6890.3,S1123KIP1_048K_S02_S7106_20240108_070004.flac,553.732,C:\Users\HNG9\Box\NTRES6150\Problem Sets\PS4\Kipuka\S02_K2\S1123KIP1_S02_S7106\S1123KIP1_048K_S02_S7106_20240108_070004.flac,2625,6468.75,3000,0.2566,553.8862,553.7467,554.0034,Syllable,,S02
95,Spectrogram 1,1,552.9054432,553.2341845,2615.8,6826.5,S1123KIP1_048K_S02_S7106_20240108_070004.flac,552.9054,C:\Users\HNG9\Box\NTRES6150\Problem Sets\PS4\Kipuka\S02_K2\S1123KIP1_S02_S7106\S1123KIP1_048K_S02_S7106_20240108_070004.flac,2765.625,6375,2812.5,0.3011,553.096,552.9242,553.2253,Syllable,,S02
96,Spectrogram 1,1,553.2247919,553.4408219,2488.2,6316.1,S1123KIP1_048K_S02_S7106_20240108_070004.flac,553.2248,C:\Users\HNG9\Box\NTRES6150\Problem Sets\PS4\Kipuka\S02_K2\S1123KIP1_S02_S7106\S1123KIP1_048K_S02_S7106_20240108_070004.flac,2671.875,5859.375,3000,0.196,553.3385,553.2354,553.4315,Syllable,,S02
98,Spectrogram 1,1,579.0826414,579.3268492,2488.2,6252.3,S1123KIP1_048K_S02_S7106_20240108_070004.flac,579.0826,C:\Users\HNG9\Box\NTRES6150\Problem Sets\PS4\Kipuka\S02_K2\S1123KIP1_S02_S7106\S1123KIP1_048K_S02_S7106_20240108_070004.flac,2625,5859.375,3000,0.2162,579.2173,579.0961,579.3123,Syllable,,S02
99,Spectrogram 1,1,578.8572188,579.0826414,2233,6635.1,S1123KIP1_048K_S02_S7106_20240108_070004.flac,578.8572,C:\Users\HNG9\Box\NTRES6150\Problem Sets\PS4\Kipuka\S02_K2\S1123KIP1_S02_S7106\S1123KIP1_048K_S02_S7106_20240108_070004.flac,2343.75,6234.375,3000,0.2061,578.9788,578.8677,579.0738,Syllable,,S02
100,Spectrogram 1,1,578.5942258,578.8947893,2169.2,6762.7,S1123KIP1_048K_S02_S7106_20240108_070004.flac,578.5942,C:\Users\HNG9\Box\NTRES6150\Problem Sets\PS4\Kipuka\S02_K2\S1123KIP1_S02_S7106\S1123KIP1_048K_S02_S7106_20240108_070004.flac,2343.75,6328.125,2765.625,0.2769,578.7646,578.609,578.8859,Syllable,,S02
101,Spectrogram 1,1,578.3406254,578.5754406,2233,6890.3,S1123KIP1_048K_S02_S7106_20240108_070004.flac,578.3406,C:\Users\HNG9\Box\NTRES6150\Problem Sets\PS4\Kipuka\S02_K2\S1123KIP1_S02_S7106\S1123KIP1_048K_S02_S7106_20240108_070004.flac,2390.625,6421.875,3000,0.2122,578.4676,578.3524,578.5646,Syllable,,S02
102,Spectrogram 1,1,578.087025,578.350018,2360.6,6635.1,S1123KIP1_048K_S02_S7106_20240108_070004.flac,578.087,C:\Users\HNG9\Box\NTRES6150\Problem Sets\PS4\Kipuka\S02_K2\S1123KIP1_S02_S7106\S1123KIP1_048K_S02_S7106_20240108_070004.flac,2484.375,6234.375,3000,0.2364,578.2311,578.0998,578.3362,Syllable,,S02
104,Spectrogram 1,1,977.2166503,977.4326802,2424.4,5869.5,S1123KIP1_048K_S02_S7106_20240109_070004.flac,377.1526,C:\Users\HNG9\Box\NTRES6150\Problem Sets\PS4\Kipuka\S02_K2\S1123KIP1_S02_S7106\S1123KIP1_048K_S02_S7106_20240109_070004.flac,2812.5,5296.875,4078.125,0.192,977.3336,977.2265,977.4185,Syllable,,S02
105,Spectrogram 1,1,977.4514655,977.676888,2233,6188.5,S1123KIP1_048K_S02_S7106_20240109_070004.flac,377.3875,C:\Users\HNG9\Box\NTRES6150\Problem Sets\PS4\Kipuka\S02_K2\S1123KIP1_S02_S7106\S1123KIP1_048K_S02_S7106_20240109_070004.flac,2718.75,5765.625,4078.125,0.2001,977.5741,977.4629,977.663,Syllable,,S02
106,Spectrogram 1,1,977.6862806,977.9210958,2296.8,6124.7,S1123KIP1_048K_S02_S7106_20240109_070004.flac,377.6223,C:\Users\HNG9\Box\NTRES6150\Problem Sets\PS4\Kipuka\S02_K2\S1123KIP1_S02_S7106\S1123KIP1_048K_S02_S7106_20240109_070004.flac,2765.625,5531.25,4078.125,0.2142,977.8146,977.6973,977.9116,Syllable,,S02
107,Spectrogram 1,1,978.4189041,978.6912897,2169.2,6507.5,S1123KIP1_048K_S02_S7106_20240109_070004.flac,378.3549,C:\Users\HNG9\Box\NTRES6150\Problem Sets\PS4\Kipuka\S02_K2\S1123KIP1_S02_S7106\S1123KIP1_048K_S02_S7106_20240109_070004.flac,2718.75,6187.5,3468.75,0.2344,978.5663,978.4329,978.6673,Syllable,,S02
108,Spectrogram 1,1,977.9304885,978.2028741,2233,6252.3,S1123KIP1_048K_S02_S7106_20240109_070004.flac,377.8665,C:\Users\HNG9\Box\NTRES6150\Problem Sets\PS4\Kipuka\S02_K2\S1123KIP1_S02_S7106\S1123KIP1_048K_S02_S7106_20240109_070004.flac,2718.75,5906.25,3468.75,0.2385,978.0773,977.9419,978.1803,Syllable,,S02
109,Spectrogram 1,1,978.1840889,978.4376893,2105.4,6443.7,S1123KIP1_048K_S02_S7106_20240109_070004.flac,378.1201,C:\Users\HNG9\Box\NTRES6150\Problem Sets\PS4\Kipuka\S02_K2\S1123KIP1_S02_S7106\S1123KIP1_048K_S02_S7106_20240109_070004.flac,2671.875,6093.75,3468.75,0.2284,978.3238,978.1945,978.4228,Syllable,,S02
110,Spectrogram 1,1,978.7194675,979.0012458,2105.4,6635.1,S1123KIP1_048K_S02_S7106_20240109_070004.flac,378.6555,C:\Users\HNG9\Box\NTRES6150\Problem Sets\PS4\Kipuka\S02_K2\S1123KIP1_S02_S7106\S1123KIP1_048K_S02_S7106_20240109_070004.flac,2671.875,6375,3468.75,0.2425,978.8694,978.732,978.9745,Syllable,,S02
113,Spectrogram 1,1,1729.696288,1730.006244,2488.2,6443.7,S1123KIP1_048K_S02_S7106_20240110_070004.flac,529.5683,C:\Users\HNG9\Box\NTRES6150\Problem Sets\PS4\Kipuka\S02_K2\S1123KIP1_S02_S7106\S1123KIP1_048K_S02_S7106_20240110_070004.flac,2578.125,5437.5,2531.25,0.2809,1729.8273,1729.7101,1729.9909,Syllable,,S02
114,Spectrogram 1,1,1729.987459,1730.184704,2360.6,5869.5,S1123KIP1_048K_S02_S7106_20240110_070004.flac,529.8595,C:\Users\HNG9\Box\NTRES6150\Problem Sets\PS4\Kipuka\S02_K2\S1123KIP1_S02_S7106\S1123KIP1_048K_S02_S7106_20240110_070004.flac,2437.5,5062.5,2484.375,0.1637,1730.0273,1729.9909,1730.1546,Syllable,,S02
115,Spectrogram 1,1,1730.222274,1730.45709,2169.2,6124.7,S1123KIP1_048K_S02_S7106_20240110_070004.flac,530.0943,C:\Users\HNG9\Box\NTRES6150\Problem Sets\PS4\Kipuka\S02_K2\S1123KIP1_S02_S7106\S1123KIP1_048K_S02_S7106_20240110_070004.flac,2437.5,5109.375,2484.375,0.2081,1730.2698,1730.2254,1730.4335,Syllable,,S02
116,Spectrogram 1,1,1730.45709,1730.729475,2233,6060.9,S1123KIP1_048K_S02_S7106_20240110_070004.flac,530.3291,C:\Users\HNG9\Box\NTRES6150\Problem Sets\PS4\Kipuka\S02_K2\S1123KIP1_S02_S7106\S1123KIP1_048K_S02_S7106_20240110_070004.flac,2437.5,5109.375,2484.375,0.2506,1730.5204,1730.4598,1730.7104,Syllable,,S02
117,Spectrogram 1,1,1730.720083,1730.992468,2488.2,6698.9,S1123KIP1_048K_S02_S7106_20240110_070004.flac,530.5921,C:\Users\HNG9\Box\NTRES6150\Problem Sets\PS4\Kipuka\S02_K2\S1123KIP1_S02_S7106\S1123KIP1_048K_S02_S7106_20240110_070004.flac,2531.25,5578.125,2531.25,0.2486,1730.8316,1730.7306,1730.9791,Syllable,,S02
118,Spectrogram 1,1,1730.983076,1731.236676,2679.6,6443.7,S1123KIP1_048K_S02_S7106_20240110_070004.flac,530.8551,C:\Users\HNG9\Box\NTRES6150\Problem Sets\PS4\Kipuka\S02_K2\S1123KIP1_S02_S7106\S1123KIP1_048K_S02_S7106_20240110_070004.flac,2859.375,5531.25,2953.125,0.2324,1731.0883,1730.9953,1731.2277,Syllable,,S02
119,Spectrogram 1,1,1735.341246,1735.604239,2360.6,6379.9,S1123KIP1_048K_S02_S7106_20240110_070004.flac,535.2133,C:\Users\HNG9\Box\NTRES6150\Problem Sets\PS4\Kipuka\S02_K2\S1123KIP1_S02_S7106\S1123KIP1_048K_S02_S7106_20240110_070004.flac,2437.5,5203.125,2484.375,0.2425,1735.4007,1735.3441,1735.5866,Syllable,,S02
120,Spectrogram 1,1,1735.604239,1735.848446,2552,6507.5,S1123KIP1_048K_S02_S7106_20240110_070004.flac,535.4762,C:\Users\HNG9\Box\NTRES6150\Problem Sets\PS4\Kipuka\S02_K2\S1123KIP1_S02_S7106\S1123KIP1_048K_S02_S7106_20240110_070004.flac,2812.5,5531.25,2953.125,0.2182,1735.6998,1735.6149,1735.8332,Syllable,,S02
121,Spectrogram 1,1,1735.848446,1736.11144,2679.6,6124.7,S1123KIP1_048K_S02_S7106_20240110_070004.flac,535.7204,C:\Users\HNG9\Box\NTRES6150\Problem Sets\PS4\Kipuka\S02_K2\S1123KIP1_S02_S7106\S1123KIP1_048K_S02_S7106_20240110_070004.flac,2859.375,5390.625,2953.125,0.2385,1735.9585,1735.8615,1736.0999,Syllable,,S02
122,Spectrogram 1,1,1736.11144,1736.393218,2360.6,6890.3,S1123KIP1_048K_S02_S7106_20240110_070004.flac,535.9834,C:\Users\HNG9\Box\NTRES6150\Problem Sets\PS4\Kipuka\S02_K2\S1123KIP1_S02_S7106\S1123KIP1_048K_S02_S7106_20240110_070004.flac,2437.5,5296.875,2484.375,0.2566,1736.1808,1736.1141,1736.3707,Syllable,,S02
123,Spectrogram 1,1,1736.40261,1736.628033,2488.2,6698.9,S1123KIP1_048K_S02_S7106_20240110_070004.flac,536.2746,C:\Users\HNG9\Box\NTRES6150\Problem Sets\PS4\Kipuka\S02_K2\S1123KIP1_S02_S7106\S1123KIP1_048K_S02_S7106_20240110_070004.flac,2531.25,5578.125,2531.25,0.2081,1736.4879,1736.4091,1736.6173,Syllable,,S02
124,Spectrogram 1,1,1736.656211,1736.900419,2552,6762.7,S1123KIP1_048K_S02_S7106_20240110_070004.flac,536.5282,C:\Users\HNG9\Box\NTRES6150\Problem Sets\PS4\Kipuka\S02_K2\S1123KIP1_S02_S7106\S1123KIP1_048K_S02_S7106_20240110_070004.flac,2812.5,5671.875,2953.125,0.2183,1736.7547,1736.6678,1736.886,Syllable,,S02
127,Spectrogram 1,1,0.394489531,0.629304728,2807.2,5997.1,S1123KIP1_048K_S02_S7106_20240108_070004.flac,0.3945,C:\Users\HNG9\Box\NTRES6150\Problem Sets\PS4\Kipuka\S02_K2\S1123KIP1_S02_S7106\S1123KIP1_048K_S02_S7106_20240108_070004.flac,2953.125,5718.75,3000,0.2081,0.5274,0.4082,0.6163,Syllable,,S02
128,Spectrogram 1,1,1.418283791,1.671884203,2871,6188.5,S1123KIP1_048K_S02_S7106_20240108_070004.flac,1.4183,C:\Users\HNG9\Box\NTRES6150\Problem Sets\PS4\Kipuka\S02_K2\S1123KIP1_S02_S7106\S1123KIP1_048K_S02_S7106_20240108_070004.flac,3000,5859.375,3000,0.2284,1.5621,1.4307,1.6591,Syllable,,S02
129,Spectrogram 1,1,0.911082965,1.164683378,2807.2,6252.3,S1123KIP1_048K_S02_S7106_20240108_070004.flac,0.9111,C:\Users\HNG9\Box\NTRES6150\Problem Sets\PS4\Kipuka\S02_K2\S1123KIP1_S02_S7106\S1123KIP1_048K_S02_S7106_20240108_070004.flac,2953.125,5906.25,3000,0.2284,1.0528,0.9235,1.1519,Syllable,,S02
130,Spectrogram 1,1,0.61991212,0.929868181,2871,6188.5,S1123KIP1_048K_S02_S7106_20240108_070004.flac,0.6199,C:\Users\HNG9\Box\NTRES6150\Problem Sets\PS4\Kipuka\S02_K2\S1123KIP1_S02_S7106\S1123KIP1_048K_S02_S7106_20240108_070004.flac,3000,5859.375,3000,0.2809,0.7942,0.6366,0.9174,Syllable,,S02
131,Spectrogram 1,1,1.164683378,1.399498575,2807.2,6060.9,S1123KIP1_048K_S02_S7106_20240108_070004.flac,1.1647,C:\Users\HNG9\Box\NTRES6150\Problem Sets\PS4\Kipuka\S02_K2\S1123KIP1_S02_S7106\S1123KIP1_048K_S02_S7106_20240108_070004.flac,2953.125,5718.75,3000,0.2081,1.2974,1.1781,1.3863,Syllable,,S02
132,Spectrogram 1,1,1.671884203,1.887914185,2934.8,6316.1,S1123KIP1_048K_S02_S7106_20240108_070004.flac,1.6719,C:\Users\HNG9\Box\NTRES6150\Problem Sets\PS4\Kipuka\S02_K2\S1123KIP1_S02_S7106\S1123KIP1_048K_S02_S7106_20240108_070004.flac,3000,5906.25,3000,0.196,1.7904,1.6833,1.8794,Syllable,,S02
133,Spectrogram 1,1,1.916092008,2.150907206,2871,6188.5,S1123KIP1_048K_S02_S7106_20240108_070004.flac,1.9161,C:\Users\HNG9\Box\NTRES6150\Problem Sets\PS4\Kipuka\S02_K2\S1123KIP1_S02_S7106\S1123KIP1_048K_S02_S7106_20240108_070004.flac,3000,5859.375,3000,0.2081,2.0491,1.9299,2.138,Syllable,,S02
134,Spectrogram 1,1,46.89729117,47.19785462,2488.2,6635.1,S1123KIP1_048K_S02_S7106_20240108_070004.flac,46.8973,C:\Users\HNG9\Box\NTRES6150\Problem Sets\PS4\Kipuka\S02_K2\S1123KIP1_S02_S7106\S1123KIP1_048K_S02_S7106_20240108_070004.flac,2671.875,6281.25,2765.625,0.2748,47.0672,46.9136,47.1885,Syllable,,S02
135,Spectrogram 1,1,47.1790694,47.42327721,2488.2,6890.3,S1123KIP1_048K_S02_S7106_20240108_070004.flac,47.1791,C:\Users\HNG9\Box\NTRES6150\Problem Sets\PS4\Kipuka\S02_K2\S1123KIP1_S02_S7106\S1123KIP1_048K_S02_S7106_20240108_070004.flac,2671.875,6468.75,3000,0.2162,47.3117,47.1925,47.4087,Syllable,,S02
136,Spectrogram 1,1,47.37631417,47.6486998,2552,6188.5,S1123KIP1_048K_S02_S7106_20240108_070004.flac,47.3763,C:\Users\HNG9\Box\NTRES6150\Problem Sets\PS4\Kipuka\S02_K2\S1123KIP1_S02_S7106\S1123KIP1_048K_S02_S7106_20240108_070004.flac,2718.75,5812.5,3000,0.2425,47.5239,47.3906,47.6331,Syllable,,S02
137,Spectrogram 1,1,47.62991458,47.90230021,2807.2,6379.9,S1123KIP1_048K_S02_S7106_20240108_070004.flac,47.6299,C:\Users\HNG9\Box\NTRES6150\Problem Sets\PS4\Kipuka\S02_K2\S1123KIP1_S02_S7106\S1123KIP1_048K_S02_S7106_20240108_070004.flac,2953.125,6046.875,3000,0.2425,47.7806,47.6452,47.8877,Syllable,,S02
60,Spectrogram 1,1,124.9217265,124.9217265,4210.7,4210.7,S1123KIP1_048K_S02_S7106_20240108_070004.flac,124.9217,C:\Users\HNG9\Box\NTRES6150\Problem Sets\PS4\Kipuka\S02_K2\S1123KIP1_S02_S7106\S1123KIP1_048K_S02_S7106_20240108_070004.flac,4218.75,4218.75,4218.75,0,124.9218,124.9218,124.9218,,,S02
